source,query,name,brand,sku,price_sale,price_regular,unit_label,unit_price,url,image,category,scraped_at
mayrand,onsale,Confiture framboise x200,Kraft,00903,64.49,68.49,caisse (200x16ml),,https://mayrand.ca/fr/nos-produits/epicerie/confiture-et-tartinade/gelee-et-confiture/confiture-de-framboises-en-portion-kraft-00903,https://341647818.fs1.hubspotusercontent-na3.net/hubfs/341647818/CatalogProductImages/fr/00903/image-1.jpg,,2026-10-10T03:37:00.918Z
mayrand,onsale,Oeuf blanc gros Prestige 18 un,Ferme Burnbrae,01031,5.49,7.49,unité (1x18un),,https://mayrand.ca/fr/nos-produits/produits-laitiers/oeuf/oeuf-blanc-gros-prestige-01031,https://341647818.fs1.hubspotusercontent-na3.net/hubfs/341647818/PRODUITS%20LAITIERS/01031%20Gros%20%C5%93ufs%20Blancs%20Prestige.png,,2026-10-10T03:37:00.918Z
mayrand,onsale,Gâteau aux fruits pâte foncée avec pacanes,Grant's,02111,5,16.59,unité (1x500g),,https://mayrand.ca/fr/nos-produits/boulangerie/gateau/gateau-aux-fruits-pate-foncee-avec-pacanes-02111,https://341647818.fs1.hubspotusercontent-na3.net/hubfs/341647818/raw_assets/public/MAYRAND-P3-CHILD-THEME/images/icons-modules/placeHolderProduct.png,,2026-10-10T03:37:00.918Z
mayrand,onsale,Mini saucissons secs lyonnais fromage chèvre 100 g,Maison Fayard,02696,6.99,9.29,unité (100g),,https://mayrand.ca/fr/nos-produits/charcuterie/charcuterie-traiteur/les-minis-lyonnais-saucisson-sec-fromage-chevre-maison-fayard-02696,https://341647818.fs1.hubspotusercontent-na3.net/hubfs/341647818/CatalogProductImages/fr/02696/image-1.jpg,,2026-10-10T03:37:00.918Z
mayrand,onsale,Pain brioche,Bridor,02759,2.89,3.69,unité (4x70g),,https://mayrand.ca/fr/nos-produits/boulangerie/petit-pain/pain-brioche-02759,https://341647818.fs1.hubspotusercontent-na3.net/hubfs/341647818/raw_assets/public/MAYRAND-P3-CHILD-THEME/images/icons-modules/placeHolderProduct.png,,2026-10-10T03:37:00.918Z
mayrand,onsale,Macarons surgelés 12 g x96,Bridor,02824,79.99,82.99,caisse (96x12g),,https://mayrand.ca/fr/nos-produits/surgele/patisserie-surgelee/patisserie-surgelee/macarons-assortis-cg-bridor-02824,https://341647818.fs1.hubspotusercontent-na3.net/hubfs/341647818/CatalogProductImages/fr/02824/image-1.jpg,,2026-10-10T03:37:00.918Z
mayrand,onsale,Râpé saveur mozzarella à base de plantes 2 kg,Vitalite,02989,32.99,39.99,unité (2kg),,https://mayrand.ca/fr/nos-produits/produits-laitiers/fromage/specialite-vegetarienne/rape-saveur-mozzarella-a-base-de-plante-vitalite-02989,https://341647818.fs1.hubspotusercontent-na3.net/hubfs/341647818/CatalogProductImages/fr/02989/image-1.jpg,,2026-10-10T03:37:00.918Z
mayrand,onsale,Essence vanille brune 1 L,La Pâtissière,03140,6.49,7.49,unité (1L),,https://mayrand.ca/fr/nos-produits/epicerie/ingredient-de-patisserie/arome-et-colorant/essence-de-vanille-brune-la-patissiere-03140,https://341647818.fs1.hubspotusercontent-na3.net/hubfs/341647818/CatalogProductImages/fr/03140/image-1.jpg,,2026-10-10T03:37:00.918Z
mayrand,onsale,Pâtes grands coquillages 900 g,Italpasta,03436,1.59,2.59,unité (1x900g),,https://mayrand.ca/fr/nos-produits/epicerie/pates/pates-alimentaires/pates-grands-coquillages-italpasta-03436,https://341647818.fs1.hubspotusercontent-na3.net/hubfs/341647818/CatalogProductImages/%C3%89picerie/03436%20Grande%20coquilles%2012x900gr%20ITALPASTA.jpg.jpg,,2026-10-10T03:37:00.918Z
mayrand,onsale,Fromage feta,Saputo,03592,44.99,48.99,unité (1x3kg),,https://mayrand.ca/fr/nos-produits/produits-laitiers/fromage/feta/fromage-feta-03592,https://341647818.fs1.hubspotusercontent-na3.net/hubfs/341647818/raw_assets/public/MAYRAND-P3-CHILD-THEME/images/icons-modules/placeHolderProduct.png,,2026-10-10T03:37:00.919Z
mayrand,onsale,Vermicelle chocolat 1 kg,Mayrand CHEF,03595,10.19,11.99,unité (1kg),,https://mayrand.ca/fr/nos-produits/fruits-et-legumes/noix-et-fruits-secs/noix/vermicelle-chocolat-03595,https://341647818.fs1.hubspotusercontent-na3.net/hubfs/341647818/CatalogProductImages/Fruits%20et%20L%C3%A9gumes/03595%20Vermicelle%20chocolat%20Mayrand%20CHEF.png,,2026-10-10T03:37:00.919Z
mayrand,onsale,Vermicelle arc-en-ciel 1 kg,Mayrand CHEF,03596,9.34,10.99,unité (1kg),,https://mayrand.ca/fr/nos-produits/fruits-et-legumes/noix-et-fruits-secs/noix/vermicelle-arc-en-ciel-03596,https://341647818.fs1.hubspotusercontent-na3.net/hubfs/341647818/CatalogProductImages/Fruits%20et%20L%C3%A9gumes/03596%20Vermicelle%20arc-en-ciel%201%20kg%20Mayrand%20CHEF.png,,2026-10-10T03:37:00.919Z
mayrand,onsale,Amande fumé,Mayrand CHEF,03601,19.54,22.99,unité (1kg),,https://mayrand.ca/fr/nos-produits/fruits-et-legumes/noix-et-fruits-secs/noix/amande-fume-03601,https://341647818.fs1.hubspotusercontent-na3.net/hubfs/341647818/raw_assets/public/MAYRAND-P3-CHILD-THEME/images/icons-modules/placeHolderProduct.png,,2026-10-10T03:37:00.919Z
mayrand,onsale,Baie Goji séché,Mayrand CHEF,03603,11.04,12.99,unité (500g),,https://mayrand.ca/fr/nos-produits/fruits-et-legumes/noix-et-fruits-secs/fruits-secs/baie-goji-seche-03603,https://341647818.fs1.hubspotusercontent-na3.net/hubfs/341647818/raw_assets/public/MAYRAND-P3-CHILD-THEME/images/icons-modules/placeHolderProduct.png,,2026-10-10T03:37:00.919Z
mayrand,onsale,907,,907,5.99,6.99,unité (907g),,https://mayrand.ca/fr/nos-produits/fruits-et-legumes/legumes/laitue/epinard-jeune-03634,https://341647818.fs1.hubspotusercontent-na3.net/hubfs/341647818/CatalogProductImages/Fruits%20et%20L%C3%A9gumes/03634%20Jeune%20%C3%A9pinard.png,,2026-10-10T03:37:00.919Z
mayrand,onsale,Arachide jumbo peau rouge 1 kg,Mayrand CHEF,03683,7.64,8.99,unité (1kg),,https://mayrand.ca/fr/nos-produits/fruits-et-legumes/noix-et-fruits-secs/noix/arachide-jumbo-peau-rouge-mayrand-chef-03683,https://341647818.fs1.hubspotusercontent-na3.net/hubfs/341647818/CatalogProductImages/fr/03683/image-1.png,,2026-10-10T03:37:00.919Z
mayrand,onsale,03692,,03692,8.99,9.99,unité (1x3.63kg),,https://mayrand.ca/fr/nos-produits/fruits-et-legumes/fruits/pomme/pomme-mcintosh-03692,https://341647818.fs1.hubspotusercontent-na3.net/hubfs/341647818/CatalogProductImages/fr/03692/image-1.jpg,,2026-10-10T03:37:00.919Z
mayrand,onsale,03694,,03694,8.99,9.99,unité (1x3.63kg),,https://mayrand.ca/fr/nos-produits/fruits-et-legumes/fruits/pomme/pomme-cortland-03694,https://341647818.fs1.hubspotusercontent-na3.net/hubfs/341647818/CatalogProductImages/fr/03694/image-1.jpg,,2026-10-10T03:37:00.919Z
mayrand,onsale,Mélange du randonneur 1 kg,Mayrand CHEF,03695,8.49,9.99,unité (1x1kg),,https://mayrand.ca/fr/nos-produits/fruits-et-legumes/noix-et-fruits-secs/noix/melange-du-randonneur-mayrand-chef-03695,https://341647818.fs1.hubspotusercontent-na3.net/hubfs/341647818/CatalogProductImages/fr/03695/image-1.png,,2026-10-10T03:37:00.919Z
mayrand,onsale,Arachide en écale rôtie non salée,Mayrand CHEF,03703,12.74,14.99,unité (2.5kg),,https://mayrand.ca/fr/nos-produits/fruits-et-legumes/noix-et-fruits-secs/noix/arachide-en-ecale-rotie-non-salee-03703,https://341647818.fs1.hubspotusercontent-na3.net/hubfs/341647818/raw_assets/public/MAYRAND-P3-CHILD-THEME/images/icons-modules/placeHolderProduct.png,,2026-10-10T03:37:00.919Z
mayrand,onsale,04028,,04028,2.99,5.99,unité (1un),,https://mayrand.ca/fr/nos-produits/fruits-et-legumes/fruits/fraise/fraise-04028,https://341647818.fs1.hubspotusercontent-na3.net/hubfs/341647818/CatalogProductImages/fr/04028/image-1.jpg,,2026-10-10T03:37:00.919Z
mayrand,onsale,170,,170,2.5,4.99,unité (1x170g),,https://mayrand.ca/fr/nos-produits/fruits-et-legumes/fruits/petits-fruits/framboise-04054,https://341647818.fs1.hubspotusercontent-na3.net/hubfs/341647818/CatalogProductImages/fr/04054/image-1.jpg,,2026-10-10T03:37:00.919Z
mayrand,onsale,04070,,04070,0.99,1.99,unité (1un),,https://mayrand.ca/fr/nos-produits/fruits-et-legumes/legumes/celeri/celeri-04070,https://341647818.fs1.hubspotusercontent-na3.net/hubfs/341647818/CatalogProductImages/fr/04070/image-1.jpg,,2026-10-10T03:37:00.919Z
mayrand,onsale,04240,,04240,3.49,4.99,unité (170g),,https://mayrand.ca/fr/nos-produits/fruits-et-legumes/fruits/petits-fruits/bleuet-04240,https://341647818.fs1.hubspotusercontent-na3.net/hubfs/341647818/CatalogProductImages/fr/04240/image-1.jpg,,2026-10-10T03:37:00.919Z
mayrand,onsale,04630,,04630,5.99,8.99,unité (1x5un),,https://mayrand.ca/fr/nos-produits/fruits-et-legumes/legumes/poireau/poireaux-5-un-04630,https://341647818.fs1.hubspotusercontent-na3.net/hubfs/341647818/CatalogProductImages/Fruits%20et%20L%C3%A9gumes/04630%20Poireau.jpg,,2026-10-10T03:37:00.919Z
mayrand,onsale,04965,,04965,2.99,6.99,caisse (1x4.54kg),,https://mayrand.ca/fr/nos-produits/fruits-et-legumes/legumes/legumes-racines/betterave-04965,https://341647818.fs1.hubspotusercontent-na3.net/hubfs/341647818/CatalogProductImages/fr/04965/image-1.jpg,,2026-10-10T03:37:00.919Z
mayrand,onsale,05021,,05021,2.99,6.99,caisse (1x4.54kg),,https://mayrand.ca/fr/nos-produits/fruits-et-legumes/legumes/oignon/oignon-moyen-gros-05021,https://341647818.fs1.hubspotusercontent-na3.net/hubfs/341647818/CatalogProductImages/fr/05021/image-1.jpg,,2026-10-10T03:37:00.919Z
mayrand,onsale,05079,,05079,2.99,4.99,unité (1.36kg),,https://mayrand.ca/fr/nos-produits/fruits-et-legumes/fruits/orange/orange-filet-05079,https://341647818.fs1.hubspotusercontent-na3.net/hubfs/341647818/CatalogProductImages/fr/05079/image-1.jpg,,2026-10-10T03:37:00.919Z
mayrand,onsale,05091,,05091,2.49,2.99,unité (340g),,https://mayrand.ca/fr/nos-produits/fruits-et-legumes/fruits/petits-fruits/canneberge-fraiche-05091,https://341647818.fs1.hubspotusercontent-na3.net/hubfs/341647818/CatalogProductImages/fr/05091/image-1.jpg,,2026-10-10T03:37:00.919Z
mayrand,onsale,05219,,05219,2.99,4.99,caisse (4.54kg),,https://mayrand.ca/fr/nos-produits/fruits-et-legumes/legumes/pomme-de-terre/patate-blanche-05219,https://341647818.fs1.hubspotusercontent-na3.net/hubfs/341647818/CatalogProductImages/fr/05219/image-1.jpg,,2026-10-10T03:37:00.919Z
mayrand,onsale,"Bologne à l'ail carrée 1,6 kg",Lesters,05551,8.99,14.38,unité (1.6 kg),,https://mayrand.ca/fr/nos-produits/charcuterie/bologne/bologne-a-lail-carree-lesters-05551,https://341647818.fs1.hubspotusercontent-na3.net/hubfs/341647818/CatalogProductImages/fr/05551/image-1.jpg,,2026-10-10T03:37:00.919Z
mayrand,onsale,"Caciocavallo canadien medium 1,2 kg",Saputo,06531,25.59,31.99,unité (1.25 6x±1.2kg),,https://mayrand.ca/fr/nos-produits/produits-laitiers/fromage/fromage-italien/caciocavallo-canadien-medium-saputo-06531,https://341647818.fs1.hubspotusercontent-na3.net/hubfs/341647818/CatalogProductImages/fr/06531/image-1.jpg,,2026-10-10T03:37:00.919Z
mayrand,onsale,08107,,08107,8.99,9.99,unité (1x3.63kg),,https://mayrand.ca/fr/nos-produits/fruits-et-legumes/fruits/pomme/pomme-paula-red-08107,https://341647818.fs1.hubspotusercontent-na3.net/hubfs/341647818/CatalogProductImages/Fruits%20et%20L%C3%A9gumes/08107%20Pomme%20Paula%20Red.png,,2026-10-10T03:37:00.919Z
mayrand,onsale,08108,,08108,8.99,9.99,unité (1x3.63kg),,https://mayrand.ca/fr/nos-produits/fruits-et-legumes/fruits/pomme/pomme-lobo-08108,https://341647818.fs1.hubspotusercontent-na3.net/hubfs/341647818/CatalogProductImages/fr/08108/image-1.jpg,,2026-10-10T03:37:00.919Z
mayrand,onsale,09115,,09115,6.99,11.99,caisse (1x4.54kg),,https://mayrand.ca/fr/nos-produits/fruits-et-legumes/legumes/carotte/carotte-nantaise-couleur-09115,https://341647818.fs1.hubspotusercontent-na3.net/hubfs/341647818/CatalogProductImages/fr/09115/image-1.jpg,,2026-10-10T03:37:00.919Z
mayrand,onsale,09116,,09116,6.99,7.99,caisse (1x4.54kg),,https://mayrand.ca/fr/nos-produits/fruits-et-legumes/legumes/carotte/carotte-nantaise-orange-09116,https://341647818.fs1.hubspotusercontent-na3.net/hubfs/341647818/CatalogProductImages/fr/09116/image-1.jpg,,2026-10-10T03:37:00.919Z
mayrand,onsale,09190,,09190,3.99,5.99,unité (6un),,https://mayrand.ca/fr/nos-produits/fruits-et-legumes/legumes/avocat/avocat-en-filet-09190,https://341647818.fs1.hubspotusercontent-na3.net/hubfs/341647818/CatalogProductImages/fr/09190/image-1.jpg,,2026-10-10T03:37:00.919Z
mayrand,onsale,09215,,09215,2.99,4.99,unité (1un),,https://mayrand.ca/fr/nos-produits/fruits-et-legumes/legumes/courge-et-courgette/citrouille-09215,https://341647818.fs1.hubspotusercontent-na3.net/hubfs/341647818/CatalogProductImages/Fruits%20et%20L%C3%A9gumes/09215%20Citrouille.png,,2026-10-10T03:37:00.919Z
mayrand,onsale,Chou-fleur mariné piquant dans l'huile 500 ml,Aurora,09739,4.99,5.99,unité (500ml),,https://mayrand.ca/fr/nos-produits/epicerie/marinade/legumes-marines/chou-fleur-marine-piquant-dans-lhuile-aurora-09739,https://341647818.fs1.hubspotusercontent-na3.net/hubfs/341647818/CatalogProductImages/fr/09739/image-1.jpg,,2026-10-10T03:37:00.919Z
mayrand,onsale,Fondue au fromage et gin violette fleurs sauvages 350 g,Chic!,10539,11.99,17.99,unité (1x350g),,https://mayrand.ca/fr/nos-produits/produits-laitiers/fromage/raclette-et-fondue/fondue-aux-fromages-au-gin-et-violette-chic-fondue-10539,https://341647818.fs1.hubspotusercontent-na3.net/hubfs/341647818/CatalogProductImages/fr/10539/image-1.jpg,,2026-10-10T03:37:00.919Z
mayrand,onsale,Kiwi séché tranché 1 kg,Mayrand CHEF,10685,11.89,13.99,unité (1kg),,https://mayrand.ca/fr/nos-produits/fruits-et-legumes/noix-et-fruits-secs/fruits-secs/kiwi-seche-tranche-mayrand-chef-10685,https://341647818.fs1.hubspotusercontent-na3.net/hubfs/341647818/CatalogProductImages/fr/10685/image-1.jpg,,2026-10-10T03:37:00.919Z
mayrand,onsale,Bleuets séchés 1 kg,Mayrand CHEF,10687,25.49,29.99,unité (1kg),,https://mayrand.ca/fr/nos-produits/fruits-et-legumes/noix-et-fruits-secs/fruits-secs/bleuet-seche-mayrand-chef-10687,https://341647818.fs1.hubspotusercontent-na3.net/hubfs/341647818/CatalogProductImages/fr/10687/image-1.jpg,,2026-10-10T03:37:00.919Z
mayrand,onsale,Mélange oriental 800 g,Mayrand CHEF,10693,10.19,11.99,unité (800g),,https://mayrand.ca/fr/nos-produits/fruits-et-legumes/noix-et-fruits-secs/noix/melange-oriental-mayrand-chef-10693,https://341647818.fs1.hubspotusercontent-na3.net/hubfs/341647818/CatalogProductImages/fr/10693/image-1.jpg,,2026-10-10T03:37:00.919Z
mayrand,onsale,Pacane à l'érable 1 kg,Mayrand CHEF,10694,25.49,29.99,unité (1kg),,https://mayrand.ca/fr/nos-produits/fruits-et-legumes/noix-et-fruits-secs/noix/pacane-a-lerable-mayrand-chef-10694,https://341647818.fs1.hubspotusercontent-na3.net/hubfs/341647818/CatalogProductImages/fr/10694/image-1.jpg,,2026-10-10T03:37:00.919Z
mayrand,onsale,Amandes à l'érable 1 kg,Mayrand CHEF,10696,20.39,23.99,unité (1kg),,https://mayrand.ca/fr/nos-produits/fruits-et-legumes/noix-et-fruits-secs/noix/amande-a-lerable-mayrand-chef-10696,https://341647818.fs1.hubspotusercontent-na3.net/hubfs/341647818/CatalogProductImages/fr/10696/image-1.jpg,,2026-10-10T03:37:09.911Z
mayrand,onsale,320,,320,22.99,28.99,unité (320g),,https://mayrand.ca/fr/nos-produits/surgele/fruit-de-mer-surgele/fruits-de-mer-divers-surgeles/chair-d-homard-cuite-congelee-320-g-10894,https://341647818.fs1.hubspotusercontent-na3.net/hubfs/341647818/10894%20Chair%20d%20homard%20cuite%20congel%C3%A9e%20%20320%20g.jpg,,2026-10-10T03:37:09.911Z
mayrand,onsale,Mélange à soupe 2 kg,Agrofusion,10942,7.99,8.79,unité (1x2kg),,https://mayrand.ca/fr/nos-produits/epicerie/riz-et-grain/haricot-et-mais/melange-a-soupe-agrofusion-10942,https://341647818.fs1.hubspotusercontent-na3.net/hubfs/341647818/CatalogProductImages/fr/10942/image-1.jpg,,2026-10-10T03:37:09.911Z
mayrand,onsale,Eau de source naturelle gazéifiée 6 x 1 L,Perrier,11036,1.79,2.49,unité (1x1L),,https://mayrand.ca/fr/nos-produits/boisson/eau/eau-petillante/eau-de-source-petillante-perrier-11036,https://341647818.fs1.hubspotusercontent-na3.net/hubfs/341647818/CatalogProductImages/fr/11036/image-1.jpg,,2026-10-10T03:37:09.911Z
mayrand,onsale,Bocconcini cocktail 3 kg,Saputo,11403,54.99,62.99,unité (1x3kg),,https://mayrand.ca/fr/nos-produits/produits-laitiers/fromage/bocconcini/bocconcini-cocktail-saputo-11403,https://341647818.fs1.hubspotusercontent-na3.net/hubfs/341647818/CatalogProductImages/fr/11403/image-1.png,,2026-10-10T03:37:09.911Z
mayrand,onsale,Crevettes nordiques 125-175 congelées 1 lb,Pearlmark,11445,11.99,17.29,unité (1x454g),,https://mayrand.ca/fr/nos-produits/surgele/fruit-de-mer-surgele/crevette-cuite-surgelee/crevettes-nordiques-125-175-cg-pearlmark-11445,https://341647818.fs1.hubspotusercontent-na3.net/hubfs/341647818/SURGELE/Crevettes%20nordiques.png,,2026-10-10T03:37:09.911Z
mayrand,onsale,Oeuf moyen biologique,Ferme Burnbrae,11461,9.99,11.99,unité (1x18un),,https://mayrand.ca/fr/nos-produits/produits-laitiers/oeuf/oeuf-moyen-biologique-11461,https://341647818.fs1.hubspotusercontent-na3.net/hubfs/341647818/raw_assets/public/MAYRAND-P3-CHILD-THEME/images/icons-modules/placeHolderProduct.png,,2026-10-10T03:37:09.911Z
mayrand,onsale,Huile truffe blanche 250 ml,Plantin,11561,25.99,26.99,unité (1x250ml),,https://mayrand.ca/fr/nos-produits/epicerie/huile-et-vinaigre/huile-dolive/huile-truffe-blanche-plantin-11561,https://341647818.fs1.hubspotusercontent-na3.net/hubfs/341647818/CatalogProductImages/fr/11561/image-1.png,,2026-10-10T03:37:09.911Z
mayrand,onsale,Gnocchi tomate et mozzarella surgelés 1 kg,Casa Morena,11633,8.49,12.49,unité (1kg),,https://mayrand.ca/fr/nos-produits/surgele/pates-surgelees/pates-garnies-surgelees/gnocchi-tomate-et-mozzarella-congele-casa-morena-11633,https://341647818.fs1.hubspotusercontent-na3.net/hubfs/341647818/CatalogProductImages/fr/11633/image-1.jpg,,2026-10-10T03:37:09.911Z
mayrand,onsale,Gnocchi aux champignons surgelés 1 kg,Casa Morena,11634,8.49,12.49,unité (1kg),,https://mayrand.ca/fr/nos-produits/surgele/pates-surgelees/pates-garnies-surgelees/gnocchi-aux-champignons-congele-casa-morena-11634,https://341647818.fs1.hubspotusercontent-na3.net/hubfs/341647818/CatalogProductImages/fr/11634/image-1.jpg,,2026-10-10T03:37:09.911Z
mayrand,onsale,Gnocchi aux légumes surgelés 1 kg,Casa Morena,11635,8.49,12.49,unité (1kg),,https://mayrand.ca/fr/nos-produits/surgele/pates-surgelees/pates-garnies-surgelees/gnocchi-aux-legumes-congele-casa-morena-11635,https://341647818.fs1.hubspotusercontent-na3.net/hubfs/341647818/CatalogProductImages/fr/11635/image-1.jpg,,2026-10-10T03:37:09.911Z
mayrand,onsale,Gnocchi aux asperges et ricotta surgelés 1 kg,Casa Morena,11636,8.49,12.49,unité (1kg),,https://mayrand.ca/fr/nos-produits/surgele/pates-surgelees/pates-garnies-surgelees/gnocchi-aux-asperges-et-ricotta-congele-casa-morena-11636,https://341647818.fs1.hubspotusercontent-na3.net/hubfs/341647818/CatalogProductImages/fr/11636/image-1.jpg,,2026-10-10T03:37:09.911Z
mayrand,onsale,Gruyère suisse Kaltbach raffiné en cave,Switzerland,11732,56.99,1823.68,unité (32 1x±2.5kg),,https://mayrand.ca/fr/nos-produits/produits-laitiers/fromage/suisse-comte-et-gruyere/gruyere-suisse-raffine-grotte-kaltbach-king-cut-switzerland-11732,https://341647818.fs1.hubspotusercontent-na3.net/hubfs/341647818/PRODUITS%20LAITIERS/11732%20Gruy%C3%A8re%20suisse%20raffin%C3%A9%20grotte%20kaltbach%20KC%20coup%C3%A9%20kg%20-%20SWITZERLAND.jpg,,2026-10-10T03:37:09.911Z
mayrand,onsale,Gruyère suisse affiné en grotte kaltbach KC coupé,Switzerland,11733,59.99,21,unité (0.35 kg),,https://mayrand.ca/fr/nos-produits/produits-laitiers/fromage/suisse-comte-et-gruyere/gruyere-suisse-affine-en-grotte-kaltbach-kc-coupe-switzerland-11733,https://341647818.fs1.hubspotusercontent-na3.net/hubfs/341647818/raw_assets/public/MAYRAND-P3-CHILD-THEME/images/icons-modules/placeHolderProduct.png,,2026-10-10T03:37:09.911Z
mayrand,onsale,Baguettes françaises artisanales x 2,Mayrand Chef,11771,3.79,5.29,unité (1x2x350g),,https://mayrand.ca/fr/nos-produits/boulangerie/ciabatta-et-baguette/baguettes-francaises-artisanales-x2-mayrand-chef-11771,https://341647818.fs1.hubspotusercontent-na3.net/hubfs/341647818/CatalogProductImages/fr/11771/image-1.png,,2026-10-10T03:37:09.911Z
mayrand,onsale,Bretzel mini en coeur 2 kg,Mayrand CHEF,12241,12.74,14.99,unité (1x2kg),,https://mayrand.ca/fr/nos-produits/fruits-et-legumes/noix-et-fruits-secs/noix-et-fruits-secs-vrac/bretzel-mini-en-coeur-mayrand-chef-12241,https://341647818.fs1.hubspotusercontent-na3.net/hubfs/341647818/raw_assets/public/MAYRAND-P3-CHILD-THEME/images/icons-modules/placeHolderProduct.png,,2026-10-10T03:37:09.911Z
mayrand,onsale,12383,,12383,1.49,1.99,unité (1x1un),,https://mayrand.ca/fr/nos-produits/fruits-et-legumes/fruits/mangue/mangue-rouge-12383,https://341647818.fs1.hubspotusercontent-na3.net/hubfs/341647818/CatalogProductImages/fr/12383/image-1.jpg,,2026-10-10T03:37:09.911Z
mayrand,onsale,12449,,12449,8.99,9.99,unité (1x3.63kg),,https://mayrand.ca/fr/nos-produits/fruits-et-legumes/fruits/pomme/pomme-empire-12449,https://341647818.fs1.hubspotusercontent-na3.net/hubfs/341647818/CatalogProductImages/fr/12449/image-1.jpg,,2026-10-10T03:37:09.911Z
mayrand,onsale,12453,,12453,8.99,9.99,unité (1x3.63kg),,https://mayrand.ca/fr/nos-produits/fruits-et-legumes/fruits/pomme/pomme-spartan-12453,https://341647818.fs1.hubspotusercontent-na3.net/hubfs/341647818/CatalogProductImages/fr/12453/image-1.jpg,,2026-10-10T03:37:09.911Z
mayrand,onsale,12490,,12490,3.99,5.99,unité (1x1un),,https://mayrand.ca/fr/nos-produits/fruits-et-legumes/fruits/ananas/ananas-12490,https://341647818.fs1.hubspotusercontent-na3.net/hubfs/341647818/CatalogProductImages/Fruits%20et%20L%C3%A9gumes/12490%20Ananas.png,,2026-10-10T03:37:09.911Z
mayrand,onsale,12530,,12530,4.99,6.99,unité (1x1.36kg),,https://mayrand.ca/fr/nos-produits/fruits-et-legumes/legumes/pomme-de-terre/patate-grelot-rouge-12530,https://341647818.fs1.hubspotusercontent-na3.net/hubfs/341647818/CatalogProductImages/Fruits%20et%20L%C3%A9gumes/12530_Patate%20grelot%20rouge.png,,2026-10-10T03:37:09.911Z
mayrand,onsale,12531,,12531,4.99,6.99,unité (1x1.36kg),,https://mayrand.ca/fr/nos-produits/fruits-et-legumes/legumes/pomme-de-terre/patate-grelot-jaune-12531,https://341647818.fs1.hubspotusercontent-na3.net/hubfs/341647818/CatalogProductImages/Fruits%20et%20L%C3%A9gumes/12531%20Patate%20grelot%20jaune.png,,2026-10-10T03:37:09.911Z
mayrand,onsale,12533,,12533,4.99,6.99,unité (1x1.36kg),,https://mayrand.ca/fr/nos-produits/fruits-et-legumes/legumes/pomme-de-terre/patate-grelot-trio-12533,https://341647818.fs1.hubspotusercontent-na3.net/hubfs/341647818/CatalogProductImages/Fruits%20et%20L%C3%A9gumes/12533_Patate%20grelot%20trio.png,,2026-10-10T03:37:09.911Z
mayrand,onsale,"Ricotta italienne 2,2 kg",Saputo,12590,17.99,39.58,unité (2.2 6x±2.2kg),,https://mayrand.ca/fr/nos-produits/produits-laitiers/fromage/ricotta-et-mascarpone/ricotta-italiana-saputo-12590,https://341647818.fs1.hubspotusercontent-na3.net/hubfs/341647818/CatalogProductImages/fr/12590/image-1.jpg,,2026-10-10T03:37:09.911Z
mayrand,onsale,Bonbon partie de monstre en gélatine 375 g,Brands,12667,1.99,6.99,unité (1x375g),,https://mayrand.ca/fr/nos-produits/epicerie/confiserie/bonbon/bonbon-partie-de-monstre-gelatine-12667,https://341647818.fs1.hubspotusercontent-na3.net/hubfs/341647818/CatalogProductImages/%C3%89picerie/12667_Bonbon%20partie%20de%20monstre%20g%C3%A9latine_BRANDSs.jpg,,2026-10-10T03:37:09.911Z
mayrand,onsale,Fromage feta sans lactose 3 kg,Saputo,12696,44.99,58.99,caisse (1x3kg),,https://mayrand.ca/fr/nos-produits/produits-laitiers/fromage/feta/fromage-feta-sans-lactose-12696,https://341647818.fs1.hubspotusercontent-na3.net/hubfs/341647818/PRODUITS%20LAITIERS/12696%20Fromage%20feta%20sans%20lactose%203%20kg%20SAPUTO.png,,2026-10-10T03:37:09.911Z
mayrand,onsale,680,,680,3.99,5.49,unité (680G),,https://mayrand.ca/fr/nos-produits/fruits-et-legumes/legumes/champignon/champignon-brun-entier-12752,https://341647818.fs1.hubspotusercontent-na3.net/hubfs/341647818/CatalogProductImages/Fruits%20et%20L%C3%A9gumes/12752%20Champignon%20brun%20entier%20680%20g.png,,2026-10-10T03:37:09.911Z
mayrand,onsale,Pâte harissa 380 g,Sticap,12782,3.99,5.29,unité (1x380g),,https://mayrand.ca/fr/nos-produits/epicerie/condiment/sauce-condiment/pate-harissa-12782,https://341647818.fs1.hubspotusercontent-na3.net/hubfs/341647818/CatalogProductImages/%C3%89picerie/12782%20p%C3%A2te%20harissa%2012x380gr%20STICAP.png,,2026-10-10T03:37:09.911Z
mayrand,onsale,12832,,12832,8.99,9.99,unité (1x3.63kg),,https://mayrand.ca/fr/nos-produits/fruits-et-legumes/fruits/pomme/pomme-gingergold-12832,https://341647818.fs1.hubspotusercontent-na3.net/hubfs/341647818/CatalogProductImages/Fruits%20et%20L%C3%A9gumes/12831_Pomme%20Gingergold.png,,2026-10-10T03:37:09.911Z
mayrand,onsale,12835,,12835,8.99,9.99,unité (1x3.63kg),,https://mayrand.ca/fr/nos-produits/fruits-et-legumes/fruits/pomme/pomme-gingergold-12835,https://341647818.fs1.hubspotusercontent-na3.net/hubfs/341647818/CatalogProductImages/Fruits%20et%20L%C3%A9gumes/12832_Pomme%20Gingergold.png,,2026-10-10T03:37:09.911Z
mayrand,onsale,12836,,12836,8.99,9.99,unité (1x3.63kg),,https://mayrand.ca/fr/nos-produits/fruits-et-legumes/fruits/pomme/pomme-paula-red-12836,https://341647818.fs1.hubspotusercontent-na3.net/hubfs/341647818/CatalogProductImages/Fruits%20et%20L%C3%A9gumes/12836_Pomme%20Paula%20Red.png,,2026-10-10T03:37:09.911Z
mayrand,onsale,12859,,12859,4.99,6.99,unité (1x2L),,https://mayrand.ca/fr/nos-produits/fruits-et-legumes/fruits/poire/poire-bartlett-panier-ontario-12859,https://341647818.fs1.hubspotusercontent-na3.net/hubfs/341647818/CatalogProductImages/Fruits%20et%20L%C3%A9gumes/12859%20Poire%20bartlett%20panier%20Ontario.png,,2026-10-10T03:37:09.911Z
mayrand,onsale,12935,,12935,8.99,9.99,unité (1x3.63kg),,https://mayrand.ca/fr/nos-produits/fruits-et-legumes/fruits/pomme/pomme-spartan-12935,https://341647818.fs1.hubspotusercontent-na3.net/hubfs/341647818/CatalogProductImages/Fruits%20et%20L%C3%A9gumes/12935%20Pomme%20Spartan.png,,2026-10-10T03:37:09.911Z
mayrand,onsale,12936,,12936,8.99,9.99,unité (1x3.63kg),,https://mayrand.ca/fr/nos-produits/fruits-et-legumes/fruits/pomme/pomme-empire-12936,https://341647818.fs1.hubspotusercontent-na3.net/hubfs/341647818/CatalogProductImages/Fruits%20et%20L%C3%A9gumes/12936%20Pomme%20Empire.png,,2026-10-10T03:37:09.911Z
mayrand,onsale,13002,,13002,8.99,9.99,unité (1x3.63kg),,https://mayrand.ca/fr/nos-produits/fruits-et-legumes/fruits/pomme/pomme-lobo-13002,https://341647818.fs1.hubspotusercontent-na3.net/hubfs/341647818/raw_assets/public/MAYRAND-P3-CHILD-THEME/images/icons-modules/placeHolderProduct.png,,2026-10-10T03:37:09.911Z
mayrand,onsale,13003,,13003,8.99,9.99,unité (1x3.63kg),,https://mayrand.ca/fr/nos-produits/fruits-et-legumes/fruits/pomme/pomme-mcintosh-13003,https://341647818.fs1.hubspotusercontent-na3.net/hubfs/341647818/raw_assets/public/MAYRAND-P3-CHILD-THEME/images/icons-modules/placeHolderProduct.png,,2026-10-10T03:37:09.911Z
mayrand,onsale,13005,,13005,17.99,19.99,unité (1x3.63kg),,https://mayrand.ca/fr/nos-produits/fruits-et-legumes/fruits/pomme/pomme-honey-crisp-13005,https://341647818.fs1.hubspotusercontent-na3.net/hubfs/341647818/raw_assets/public/MAYRAND-P3-CHILD-THEME/images/icons-modules/placeHolderProduct.png,,2026-10-10T03:37:09.911Z
mayrand,onsale,13007,,13007,8.99,9.99,unité (1x3.63kg),,https://mayrand.ca/fr/nos-produits/fruits-et-legumes/fruits/pomme/pomme-jaune-delicieuse-13007,https://341647818.fs1.hubspotusercontent-na3.net/hubfs/341647818/raw_assets/public/MAYRAND-P3-CHILD-THEME/images/icons-modules/placeHolderProduct.png,,2026-10-10T03:37:09.911Z
mayrand,onsale,Sauce tomate Basilico 644 ml,Donata,13163,5.49,6.99,unité (1x644ml),,https://mayrand.ca/fr/nos-produits/epicerie/sauce/sauce-pour-pates/sauce-tomate-basilico-13163,https://341647818.fs1.hubspotusercontent-na3.net/hubfs/341647818/CatalogProductImages/%C3%89picerie/13163%20Sauce%20tomate%20Basilico%2012x644ml%20DONATA.jpg,,2026-10-10T03:37:09.911Z
mayrand,onsale,200,,200,4.99,5.99,unité (1x200g),,https://mayrand.ca/fr/nos-produits/boucherie/boeuf/boeuf-fondue-13407,https://341647818.fs1.hubspotusercontent-na3.net/hubfs/341647818/13407%20Boeuf%20fondue%20(2).png,,2026-10-10T03:37:09.911Z
mayrand,onsale,Pesto aux tomates séchées 1 L,Renato,13998,9.99,12.49,unité (1L),,https://mayrand.ca/fr/nos-produits/fruits-et-legumes/fines-herbes-et-vinaigrette/trempette-et-marinade/pesto-aux-tomates-sechees-renato-13998,https://341647818.fs1.hubspotusercontent-na3.net/hubfs/341647818/CatalogProductImages/fr/13998/image-1.jpg,,2026-10-10T03:37:17.392Z
mayrand,onsale,Fleur d'ail 1 L,Renato,13999,9.99,12.49,unité (1L),,https://mayrand.ca/fr/nos-produits/fruits-et-legumes/fines-herbes-et-vinaigrette/trempette-et-marinade/ail-fleur-emince-du-quebec-renato-13999,https://341647818.fs1.hubspotusercontent-na3.net/hubfs/341647818/CatalogProductImages/fr/13999/image-1.jpg,,2026-10-10T03:37:17.392Z
mayrand,onsale,"Carré aux dattes 3,6 kg",Hafner,14585,42.99,45.99,unité (1x3.6kg),,https://mayrand.ca/fr/nos-produits/surgele/patisserie-surgelee/gateau-et-tarte-surgeles/carre-aux-dattes-14585,https://341647818.fs1.hubspotusercontent-na3.net/hubfs/341647818/SURGELE/14585%20carr%C3%A9%20aux%20dattes%202x3.6kg%20HAFNER.png,,2026-10-10T03:37:17.392Z
mayrand,onsale,Feta 1 kg,Saputo,14801,15.99,19.99,unité (1kg),,https://mayrand.ca/fr/nos-produits/produits-laitiers/fromage/feta/feta-saputo-14801,https://341647818.fs1.hubspotusercontent-na3.net/hubfs/341647818/CatalogProductImages/fr/14801/image-1.jpg,,2026-10-10T03:37:17.392Z
mayrand,onsale,Natas 450 g,Ferma,14861,5.99,7.49,unité (1x450g),,https://mayrand.ca/fr/nos-produits/surgele/patisserie-surgelee/gateau-et-tarte-surgeles/natas-14861,https://341647818.fs1.hubspotusercontent-na3.net/hubfs/341647818/SURGELE/14861%20Tartelettes%20de%20style%20portuguais%20FERMA.jpg,,2026-10-10T03:37:17.392Z
mayrand,onsale,"Chocolat blanc pastille Ivora 2,5 kg",Van Leer,14863,46.99,49.99,unité (1x2.5kg),,https://mayrand.ca/fr/nos-produits/epicerie/ingredient-de-patisserie/chocolat-et-cacao-a-cuisson/chocolat-blanc-pastille-ivora-800un-14863,https://341647818.fs1.hubspotusercontent-na3.net/hubfs/341647818/CatalogProductImages/%C3%89picerie/14863%20chocolat%20blanc%20pastille%20Ivora%208x2.5kg%20VAN%20LEER.png,,2026-10-10T03:37:17.392Z
mayrand,onsale,"Chocolat lait pastille Kenosha 2,5 kg",Van Leer,14866,46.99,49.99,unité (1x2.5kg),,https://mayrand.ca/fr/nos-produits/epicerie/ingredient-de-patisserie/chocolat-et-cacao-a-cuisson/chocolat-lait-pastille-kenosha-800un-14866,https://341647818.fs1.hubspotusercontent-na3.net/hubfs/341647818/CatalogProductImages/%C3%89picerie/14866%20chocolat%20pastille%20Kenosha%208x2.5kg%20VAN%20LEER.png,,2026-10-10T03:37:17.392Z
mayrand,onsale,"Chocolat mi-sucré pastille Tulsa 2,5 kg",Van Leer,14869,48.99,52.99,unité (1x2.5kg),,https://mayrand.ca/fr/nos-produits/epicerie/ingredient-de-patisserie/chocolat-et-cacao-a-cuisson/chocolat-mi-sucre-pastille-tulsa-800un-14869,https://341647818.fs1.hubspotusercontent-na3.net/hubfs/341647818/CatalogProductImages/%C3%89picerie/14869%20chocolat%20mi-sucr%C3%A9%20TULSA%208x2.5kg.png,,2026-10-10T03:37:17.392Z
mayrand,onsale,"Chocolat mi-sucré capuchon 2,5 kg",Van Leer,14870,37.99,39.99,unité (1x2.5kg),,https://mayrand.ca/fr/nos-produits/epicerie/ingredient-de-patisserie/chocolat-et-cacao-a-cuisson/chocolat-mi-sucre-capuchon-4000un-14870,https://341647818.fs1.hubspotusercontent-na3.net/hubfs/341647818/CatalogProductImages/%C3%89picerie/14870%20brisures%20de%20chocolat%20mi-sucr%C3%A9%208x2.5kg%20VAN%20LEER.png,,2026-10-10T03:37:17.392Z
mayrand,onsale,Fromage capra 165 g,Fromagerie La Suisse Normande,15149,48.99,59.99,unité (1 8x±165g),,https://mayrand.ca/fr/nos-produits/produits-laitiers/fromage/fromage-de-specialite/fromage-capra-15149,https://341647818.fs1.hubspotusercontent-na3.net/hubfs/341647818/PRODUITS%20LAITIERS/15149%20Fromage%20Capra.png,,2026-10-10T03:37:17.392Z
mayrand,onsale,Fromage Chemin du brûlé 150 g,Fromagerie La Station,15150,5.99,7.99,unité (1x150g),,https://mayrand.ca/fr/nos-produits/produits-laitiers/fromage/fromage-de-specialite/fromage-chemin-du-brule-15150,https://341647818.fs1.hubspotusercontent-na3.net/hubfs/341647818/PRODUITS%20LAITIERS/15150_Fromage%20Chemin%20du%20br%C3%BBl%C3%A9_Fromagerie%20La%20Station.jpg,,2026-10-10T03:37:17.392Z
mayrand,onsale,Arachide jalapeno lime 1 kg,Mayrand CHEF,15270,5.94,6.99,unité (1x1kg),,https://mayrand.ca/fr/nos-produits/fruits-et-legumes/noix-et-fruits-secs/noix-et-fruits-secs-vrac/arachide-jalapeno-lime-15270,https://341647818.fs1.hubspotusercontent-na3.net/hubfs/341647818/CatalogProductImages/Fruits%20et%20L%C3%A9gumes/15270%20Arachide%20jalapeno%20lime_Mayrand%20CHEF.jpg,,2026-10-10T03:37:17.392Z
mayrand,onsale,Arachide aneth vinaigre 1 kg,Mayrand CHEF,15272,5.94,6.99,unité (1x1kg),,https://mayrand.ca/fr/nos-produits/fruits-et-legumes/noix-et-fruits-secs/noix-et-fruits-secs-vrac/arachide-aneth-vinaigre-15272,https://341647818.fs1.hubspotusercontent-na3.net/hubfs/341647818/CatalogProductImages/Fruits%20et%20L%C3%A9gumes/15272%20Arachide%20aneth%20vinaigre%20Mayrand%20CHEF.jpg,,2026-10-10T03:37:17.392Z
mayrand,onsale,Arachide vinaigre 1 kg,Mayrand CHEF,15273,5.94,6.99,unité (1x1kg),,https://mayrand.ca/fr/nos-produits/fruits-et-legumes/noix-et-fruits-secs/noix-et-fruits-secs-vrac/arachide-vinaigre-15273,https://341647818.fs1.hubspotusercontent-na3.net/hubfs/341647818/CatalogProductImages/Fruits%20et%20L%C3%A9gumes/15273_Arachide%20vinaigre_Mayrand%20CHEF.jpg,,2026-10-10T03:37:17.392Z
mayrand,onsale,Chocolat blanc brisures 1 kg,Mayrand CHEF,15274,10.19,11.99,unité (1x1kg),,https://mayrand.ca/fr/nos-produits/fruits-et-legumes/noix-et-fruits-secs/noix-et-fruits-secs-vrac/chocolat-blanc-brisures-15274,https://341647818.fs1.hubspotusercontent-na3.net/hubfs/341647818/CatalogProductImages/Fruits%20et%20L%C3%A9gumes/15274_Chocolat%20blanc%20brisures_Mayrand%20CHEF.jpg,,2026-10-10T03:37:17.392Z
mayrand,onsale,Chocolat au lait brisures 1 kg,Mayrand CHEF,15276,19.54,22.99,unité (1x1kg),,https://mayrand.ca/fr/nos-produits/fruits-et-legumes/noix-et-fruits-secs/noix-et-fruits-secs-vrac/chocolat-au-lait-brisures-15276,https://341647818.fs1.hubspotusercontent-na3.net/hubfs/341647818/raw_assets/public/MAYRAND-P3-CHILD-THEME/images/icons-modules/placeHolderProduct.png,,2026-10-10T03:37:17.392Z
mayrand,onsale,Cacao poudre 10-12% 1 kg,Mayrand CHEF,15277,16.99,19.99,unité (1x1kg),,https://mayrand.ca/fr/nos-produits/fruits-et-legumes/noix-et-fruits-secs/noix-et-fruits-secs-vrac/cacao-poudre-10-12-15277,https://341647818.fs1.hubspotusercontent-na3.net/hubfs/341647818/CatalogProductImages/Fruits%20et%20L%C3%A9gumes/15277_Cacao%20poudre%2010-12%25_Mayrand%20CHEF.jpg,,2026-10-10T03:37:17.392Z
mayrand,onsale,Mélange royal 1 kg,Mayrand CHEF,15280,9.34,10.99,unité (1x1kg),,https://mayrand.ca/fr/nos-produits/fruits-et-legumes/noix-et-fruits-secs/noix-et-fruits-secs-vrac/melange-royal-15280,https://341647818.fs1.hubspotusercontent-na3.net/hubfs/341647818/CatalogProductImages/Fruits%20et%20L%C3%A9gumes/15280_M%C3%A9lange%20royal_Mayrand%20CHEF.jpg,,2026-10-10T03:37:17.392Z
mayrand,onsale,Sucre canne extra-léger biologique 1 kg,Mayrand CHEF,15281,4.24,4.99,unité (1x1kg),,https://mayrand.ca/fr/nos-produits/fruits-et-legumes/noix-et-fruits-secs/noix-et-fruits-secs-vrac/sucre-canne-extra-leger-biologique-15281,https://341647818.fs1.hubspotusercontent-na3.net/hubfs/341647818/CatalogProductImages/Fruits%20et%20L%C3%A9gumes/15281_Sucre%20canne%20extra-l%C3%A9ger%20biologique_Mayrand%20CHEF.jpg,,2026-10-10T03:37:17.392Z
mayrand,onsale,Tomates cerises 398 ml,Strianese,15432,1.49,1.99,unité (1x398ml),,https://mayrand.ca/fr/nos-produits/epicerie/tomate-en-conserve/tomate-en-conserve/tomates-cerises-15432,https://341647818.fs1.hubspotusercontent-na3.net/hubfs/341647818/CatalogProductImages/%C3%89picerie/15432%20tomates%20cerises%2024x398ml%20STRIANESE.jpg,,2026-10-10T03:37:17.392Z
mayrand,onsale,Datte deglet nour dénoyautée,Mayrand CHEF,15444,9.34,10.99,unité (1kg),,https://mayrand.ca/fr/nos-produits/fruits-et-legumes/noix-et-fruits-secs/fruits-secs/datte-deglet-nour-denoyautee-15444,https://341647818.fs1.hubspotusercontent-na3.net/hubfs/341647818/raw_assets/public/MAYRAND-P3-CHILD-THEME/images/icons-modules/placeHolderProduct.png,,2026-10-10T03:37:17.392Z
mayrand,onsale,Datte medjoul,Mayrand CHEF,15445,18.69,21.99,unité (1kg),,https://mayrand.ca/fr/nos-produits/fruits-et-legumes/noix-et-fruits-secs/fruits-secs/datte-medjoul-15445,https://341647818.fs1.hubspotusercontent-na3.net/hubfs/341647818/raw_assets/public/MAYRAND-P3-CHILD-THEME/images/icons-modules/placeHolderProduct.png,,2026-10-10T03:37:17.392Z
mayrand,onsale,15709,,15709,9.9,13.79,unité (1 kg),,https://mayrand.ca/fr/nos-produits/boucherie/porc/porc-cotelette-desossee-marinade-erable-chipotle-15709,https://341647818.fs1.hubspotusercontent-na3.net/hubfs/341647818/raw_assets/public/MAYRAND-P3-CHILD-THEME/images/icons-modules/placeHolderProduct.png,,2026-10-10T03:37:17.392Z
mayrand,onsale,15710,,15710,9.9,13.79,unité (1 kg),,https://mayrand.ca/fr/nos-produits/boucherie/porc/porc-cotelette-desossee-marinade-dijonnaise-15710,https://341647818.fs1.hubspotusercontent-na3.net/hubfs/341647818/raw_assets/public/MAYRAND-P3-CHILD-THEME/images/icons-modules/placeHolderProduct.png,,2026-10-10T03:37:17.392Z
mayrand,onsale,15711,,15711,9.9,13.79,unité (1 kg),,https://mayrand.ca/fr/nos-produits/boucherie/porc/porc-cotelette-desossee-marinade-thai-15711,https://341647818.fs1.hubspotusercontent-na3.net/hubfs/341647818/raw_assets/public/MAYRAND-P3-CHILD-THEME/images/icons-modules/placeHolderProduct.png,,2026-10-10T03:37:17.392Z
mayrand,onsale,15716,,15716,9.9,13.79,unité (1 kg),,https://mayrand.ca/fr/nos-produits/boucherie/porc/porc-cotelette-desossee-marinade-souvlaki-15716,https://341647818.fs1.hubspotusercontent-na3.net/hubfs/341647818/raw_assets/public/MAYRAND-P3-CHILD-THEME/images/icons-modules/placeHolderProduct.png,,2026-10-10T03:37:17.392Z
mayrand,onsale,15717,,15717,9.9,13.79,unité (1 kg),,https://mayrand.ca/fr/nos-produits/boucherie/porc/porc-cotelette-desossee-marinade-teriyaki-15717,https://341647818.fs1.hubspotusercontent-na3.net/hubfs/341647818/raw_assets/public/MAYRAND-P3-CHILD-THEME/images/icons-modules/placeHolderProduct.png,,2026-10-10T03:37:17.392Z
mayrand,onsale,15718,,15718,9.9,13.79,unité (1 kg),,https://mayrand.ca/fr/nos-produits/boucherie/porc/porc-cotelette-desossee-marinade-miel-dijon-15718,https://341647818.fs1.hubspotusercontent-na3.net/hubfs/341647818/raw_assets/public/MAYRAND-P3-CHILD-THEME/images/icons-modules/placeHolderProduct.png,,2026-10-10T03:37:17.392Z
mayrand,onsale,15719,,15719,9.9,13.79,unité (1 kg),,https://mayrand.ca/fr/nos-produits/boucherie/porc/porc-cotelette-desossee-marinade-bbq-mtl-15719,https://341647818.fs1.hubspotusercontent-na3.net/hubfs/341647818/raw_assets/public/MAYRAND-P3-CHILD-THEME/images/icons-modules/placeHolderProduct.png,,2026-10-10T03:37:17.392Z
mayrand,onsale,15720,,15720,9.9,13.79,unité (1 kg),,https://mayrand.ca/fr/nos-produits/boucherie/porc/porc-cotelette-desossee-marinade-miel-ail-15720,https://341647818.fs1.hubspotusercontent-na3.net/hubfs/341647818/raw_assets/public/MAYRAND-P3-CHILD-THEME/images/icons-modules/placeHolderProduct.png,,2026-10-10T03:37:17.392Z
mayrand,onsale,15721,,15721,9.9,13.79,unité (1 kg),,https://mayrand.ca/fr/nos-produits/boucherie/porc/porc-cotelette-desossee-marinade-habanero-15721,https://341647818.fs1.hubspotusercontent-na3.net/hubfs/341647818/raw_assets/public/MAYRAND-P3-CHILD-THEME/images/icons-modules/placeHolderProduct.png,,2026-10-10T03:37:17.392Z
mayrand,onsale,15768,,15768,11.67,12.89,unité (1 kg),,https://mayrand.ca/fr/nos-produits/boucherie/porc/porc-lanieres-de-surlonge-marinade-thai-15768,https://341647818.fs1.hubspotusercontent-na3.net/hubfs/341647818/raw_assets/public/MAYRAND-P3-CHILD-THEME/images/icons-modules/placeHolderProduct.png,,2026-10-10T03:37:17.392Z
mayrand,onsale,15773,,15773,11.67,12.89,unité (1 kg),,https://mayrand.ca/fr/nos-produits/boucherie/porc/porc-lanieres-de-surlonge-marinade-souvlaki-15773,https://341647818.fs1.hubspotusercontent-na3.net/hubfs/341647818/raw_assets/public/MAYRAND-P3-CHILD-THEME/images/icons-modules/placeHolderProduct.png,,2026-10-10T03:37:17.392Z
mayrand,onsale,15774,,15774,11.67,12.89,unité (1 kg),,https://mayrand.ca/fr/nos-produits/boucherie/porc/porc-lanieres-de-surlonge-marinade-teriyaki-15774,https://341647818.fs1.hubspotusercontent-na3.net/hubfs/341647818/raw_assets/public/MAYRAND-P3-CHILD-THEME/images/icons-modules/placeHolderProduct.png,,2026-10-10T03:37:24.175Z
mayrand,onsale,15776,,15776,11.67,12.89,unité (1 kg),,https://mayrand.ca/fr/nos-produits/boucherie/porc/porc-lanieres-de-surlonge-marinade-miel-dijon-15776,https://341647818.fs1.hubspotusercontent-na3.net/hubfs/341647818/raw_assets/public/MAYRAND-P3-CHILD-THEME/images/icons-modules/placeHolderProduct.png,,2026-10-10T03:37:24.175Z
mayrand,onsale,15779,,15779,11.67,12.89,unité (1 kg),,https://mayrand.ca/fr/nos-produits/boucherie/porc/porc-lanieres-de-surlonge-marinade-bbq-mtl-15779,https://341647818.fs1.hubspotusercontent-na3.net/hubfs/341647818/raw_assets/public/MAYRAND-P3-CHILD-THEME/images/icons-modules/placeHolderProduct.png,,2026-10-10T03:37:24.175Z
mayrand,onsale,15780,,15780,11.67,12.89,unité (1 kg),,https://mayrand.ca/fr/nos-produits/boucherie/porc/porc-lanieres-de-surlonge-marinade-miel-ail-15780,https://341647818.fs1.hubspotusercontent-na3.net/hubfs/341647818/raw_assets/public/MAYRAND-P3-CHILD-THEME/images/icons-modules/placeHolderProduct.png,,2026-10-10T03:37:24.175Z
mayrand,onsale,15781,,15781,11.67,12.89,unité (1 kg),,https://mayrand.ca/fr/nos-produits/boucherie/porc/porc-lanieres-de-surlonge-marinade-habanero-15781,https://341647818.fs1.hubspotusercontent-na3.net/hubfs/341647818/raw_assets/public/MAYRAND-P3-CHILD-THEME/images/icons-modules/placeHolderProduct.png,,2026-10-10T03:37:24.175Z
mayrand,onsale,#Biscuit pattes d'ours format familial,Dare,15941,3.99,7.89,unité (1x336g),,https://mayrand.ca/fr/nos-produits/epicerie/biscuit-et-craquelin/biscuit-et-gateau/biscuit-pattes-dours-format-familial-15941,https://341647818.fs1.hubspotusercontent-na3.net/hubfs/341647818/raw_assets/public/MAYRAND-P3-CHILD-THEME/images/icons-modules/placeHolderProduct.png,,2026-10-10T03:37:24.175Z
mayrand,onsale,16026,,16026,25.33,27.89,unité (1 kg),,https://mayrand.ca/fr/nos-produits/boucherie/boeuf/boeuf-lanieres-marinade-vin-rouge-16026,https://341647818.fs1.hubspotusercontent-na3.net/hubfs/341647818/raw_assets/public/MAYRAND-P3-CHILD-THEME/images/icons-modules/placeHolderProduct.png,,2026-10-10T03:37:24.175Z
mayrand,onsale,16027,,16027,25.33,27.89,unité (1 kg),,https://mayrand.ca/fr/nos-produits/boucherie/boeuf/boeuf-lanieres-marinade-dijonnaise-16027,https://341647818.fs1.hubspotusercontent-na3.net/hubfs/341647818/raw_assets/public/MAYRAND-P3-CHILD-THEME/images/icons-modules/placeHolderProduct.png,,2026-10-10T03:37:24.175Z
mayrand,onsale,16028,,16028,25.33,27.89,unité (1 kg),,https://mayrand.ca/fr/nos-produits/boucherie/boeuf/boeuf-lanieres-marinade-3-poivres-16028,https://341647818.fs1.hubspotusercontent-na3.net/hubfs/341647818/raw_assets/public/MAYRAND-P3-CHILD-THEME/images/icons-modules/placeHolderProduct.png,,2026-10-10T03:37:24.175Z
mayrand,onsale,16029,,16029,25.33,27.89,unité (1 kg),,https://mayrand.ca/fr/nos-produits/boucherie/boeuf/boeuf-lanieres-marinade-bbq-mtl-16029,https://341647818.fs1.hubspotusercontent-na3.net/hubfs/341647818/raw_assets/public/MAYRAND-P3-CHILD-THEME/images/icons-modules/placeHolderProduct.png,,2026-10-10T03:37:24.175Z
mayrand,onsale,16030,,16030,25.33,27.89,unité (1 kg),,https://mayrand.ca/fr/nos-produits/boucherie/boeuf/boeuf-lanieres-marinade-bbq-whisky-16030,https://341647818.fs1.hubspotusercontent-na3.net/hubfs/341647818/raw_assets/public/MAYRAND-P3-CHILD-THEME/images/icons-modules/placeHolderProduct.png,,2026-10-10T03:37:24.175Z
mayrand,onsale,16038,,16038,35.25,41.19,unité (1 kg),,https://mayrand.ca/fr/nos-produits/boucherie/boeuf/boeuf-macreuse-marinade-vin-rouge-16038,https://341647818.fs1.hubspotusercontent-na3.net/hubfs/341647818/raw_assets/public/MAYRAND-P3-CHILD-THEME/images/icons-modules/placeHolderProduct.png,,2026-10-10T03:37:24.175Z
mayrand,onsale,16039,,16039,35.25,40.49,unité (1 kg),,https://mayrand.ca/fr/nos-produits/boucherie/boeuf/boeuf-macreuse-marinade-dijonnaise-16039,https://341647818.fs1.hubspotusercontent-na3.net/hubfs/341647818/raw_assets/public/MAYRAND-P3-CHILD-THEME/images/icons-modules/placeHolderProduct.png,,2026-10-10T03:37:24.175Z
mayrand,onsale,16040,,16040,35.25,41.19,unité (1 kg),,https://mayrand.ca/fr/nos-produits/boucherie/boeuf/boeuf-macreuse-marinade-3-poivres-16040,https://341647818.fs1.hubspotusercontent-na3.net/hubfs/341647818/raw_assets/public/MAYRAND-P3-CHILD-THEME/images/icons-modules/placeHolderProduct.png,,2026-10-10T03:37:24.175Z
mayrand,onsale,16041,,16041,35.25,41.19,unité (1 kg),,https://mayrand.ca/fr/nos-produits/boucherie/boeuf/boeuf-macreuse-marinade-bbq-mtl-16041,https://341647818.fs1.hubspotusercontent-na3.net/hubfs/341647818/raw_assets/public/MAYRAND-P3-CHILD-THEME/images/icons-modules/placeHolderProduct.png,,2026-10-10T03:37:24.175Z
mayrand,onsale,16042,,16042,35.25,41.19,unité (1 kg),,https://mayrand.ca/fr/nos-produits/boucherie/boeuf/boeuf-macreuse-marinade-bbq-whisky-16042,https://341647818.fs1.hubspotusercontent-na3.net/hubfs/341647818/raw_assets/public/MAYRAND-P3-CHILD-THEME/images/icons-modules/placeHolderProduct.png,,2026-10-10T03:37:24.175Z
mayrand,onsale,16155,,16155,20.93,22.99,unité (1 kg),,https://mayrand.ca/fr/nos-produits/boucherie/volaille/poulet-laniere-poitrine-marinade-souvlaki-16155,https://341647818.fs1.hubspotusercontent-na3.net/hubfs/341647818/raw_assets/public/MAYRAND-P3-CHILD-THEME/images/icons-modules/placeHolderProduct.png,,2026-10-10T03:37:24.175Z
mayrand,onsale,16165,,16165,20.93,22.99,unité (1 kg),,https://mayrand.ca/fr/nos-produits/boucherie/volaille/poulet-laniere-poitrine-marinade-habanero-paprika-16165,https://341647818.fs1.hubspotusercontent-na3.net/hubfs/341647818/raw_assets/public/MAYRAND-P3-CHILD-THEME/images/icons-modules/placeHolderProduct.png,,2026-10-10T03:37:24.175Z
mayrand,onsale,16170,,16170,20.93,22.99,unité (1 kg),,https://mayrand.ca/fr/nos-produits/boucherie/volaille/poulet-laniere-poitrine-marinade-erable-chipotle-16170,https://341647818.fs1.hubspotusercontent-na3.net/hubfs/341647818/raw_assets/public/MAYRAND-P3-CHILD-THEME/images/icons-modules/placeHolderProduct.png,,2026-10-10T03:37:24.175Z
mayrand,onsale,16172,,16172,20.93,22.99,unité (1 kg),,https://mayrand.ca/fr/nos-produits/boucherie/volaille/poulet-laniere-poitrine-marinade-miel-ail-16172,https://341647818.fs1.hubspotusercontent-na3.net/hubfs/341647818/raw_assets/public/MAYRAND-P3-CHILD-THEME/images/icons-modules/placeHolderProduct.png,,2026-10-10T03:37:24.175Z
mayrand,onsale,16178,,16178,20.93,22.99,unité (1 kg),,https://mayrand.ca/fr/nos-produits/boucherie/volaille/poulet-laniere-poitrine-marinade-bbq-whisky-16178,https://341647818.fs1.hubspotusercontent-na3.net/hubfs/341647818/raw_assets/public/MAYRAND-P3-CHILD-THEME/images/icons-modules/placeHolderProduct.png,,2026-10-10T03:37:24.175Z
mayrand,onsale,16194,,16194,13.21,21.99,unité (1 kg),,https://mayrand.ca/fr/nos-produits/boucherie/volaille/poulet-poitrine-marinade-souvlaki-16194,https://341647818.fs1.hubspotusercontent-na3.net/hubfs/341647818/raw_assets/public/MAYRAND-P3-CHILD-THEME/images/icons-modules/placeHolderProduct.png,,2026-10-10T03:37:24.175Z
mayrand,onsale,16196,,16196,13.21,21.99,unité (1 kg),,https://mayrand.ca/fr/nos-produits/boucherie/volaille/poulet-poitrine-marinade-portugaise-16196,https://341647818.fs1.hubspotusercontent-na3.net/hubfs/341647818/raw_assets/public/MAYRAND-P3-CHILD-THEME/images/icons-modules/placeHolderProduct.png,,2026-10-10T03:37:24.175Z
mayrand,onsale,16197,,16197,13.21,21.99,unité (1 kg),,https://mayrand.ca/fr/nos-produits/boucherie/volaille/poulet-poitrine-marinade-habanero-paprika-fume-16197,https://341647818.fs1.hubspotusercontent-na3.net/hubfs/341647818/raw_assets/public/MAYRAND-P3-CHILD-THEME/images/icons-modules/placeHolderProduct.png,,2026-10-10T03:37:24.175Z
mayrand,onsale,16198,,16198,13.21,21.99,unité (1 kg),,https://mayrand.ca/fr/nos-produits/boucherie/volaille/poulet-poitrine-marinade-teriyaki-16198,https://341647818.fs1.hubspotusercontent-na3.net/hubfs/341647818/raw_assets/public/MAYRAND-P3-CHILD-THEME/images/icons-modules/placeHolderProduct.png,,2026-10-10T03:37:24.175Z
mayrand,onsale,16201,,16201,13.21,21.99,unité (1 kg),,https://mayrand.ca/fr/nos-produits/boucherie/volaille/poulet-poitrine-marinade-erable-chipotle-16201,https://341647818.fs1.hubspotusercontent-na3.net/hubfs/341647818/raw_assets/public/MAYRAND-P3-CHILD-THEME/images/icons-modules/placeHolderProduct.png,,2026-10-10T03:37:24.175Z
mayrand,onsale,16202,,16202,13.21,21.99,unité (1 kg),,https://mayrand.ca/fr/nos-produits/boucherie/volaille/poulet-poitrine-marinade-orange-poivre-16202,https://341647818.fs1.hubspotusercontent-na3.net/hubfs/341647818/raw_assets/public/MAYRAND-P3-CHILD-THEME/images/icons-modules/placeHolderProduct.png,,2026-10-10T03:37:24.176Z
mayrand,onsale,16208,,16208,13.21,21.99,unité (1 kg),,https://mayrand.ca/fr/nos-produits/boucherie/volaille/poulet-poitrine-marinade-miel-ail-16208,https://341647818.fs1.hubspotusercontent-na3.net/hubfs/341647818/raw_assets/public/MAYRAND-P3-CHILD-THEME/images/icons-modules/placeHolderProduct.png,,2026-10-10T03:37:24.176Z
mayrand,onsale,16210,,16210,13.21,21.99,unité (1 kg),,https://mayrand.ca/fr/nos-produits/boucherie/volaille/poulet-poitrine-marinade-bbq-mtl-16210,https://341647818.fs1.hubspotusercontent-na3.net/hubfs/341647818/raw_assets/public/MAYRAND-P3-CHILD-THEME/images/icons-modules/placeHolderProduct.png,,2026-10-10T03:37:24.176Z
mayrand,onsale,16212,,16212,13.21,21.99,unité (1 kg),,https://mayrand.ca/fr/nos-produits/boucherie/volaille/poulet-poitrine-marinade-bbq-whisky-16212,https://341647818.fs1.hubspotusercontent-na3.net/hubfs/341647818/raw_assets/public/MAYRAND-P3-CHILD-THEME/images/icons-modules/placeHolderProduct.png,,2026-10-10T03:37:24.176Z
mayrand,onsale,Fromage fondue Louis d'Or 350 g,1001 Fondues,16302,11.99,17.99,unité (1x350g),,https://mayrand.ca/fr/nos-produits/produits-laitiers/fromage/raclette-et-fondue/fromage-fondue-louis-dor-16302,https://341647818.fs1.hubspotusercontent-na3.net/hubfs/341647818/PRODUITS%20LAITIERS/16302%20Fondue%20louis%20dor%201001%20fondues.png.jpg,,2026-10-10T03:37:24.176Z
mayrand,onsale,16320,,16320,20.93,22.99,unité (1 kg),,https://mayrand.ca/fr/nos-produits/boucherie/volaille/poulet-laniere-poitrine-marinade-dijonnaise-16320,https://341647818.fs1.hubspotusercontent-na3.net/hubfs/341647818/raw_assets/public/MAYRAND-P3-CHILD-THEME/images/icons-modules/placeHolderProduct.png,,2026-10-10T03:37:24.176Z
mayrand,onsale,16322,,16322,13.21,21.99,unité (1 kg),,https://mayrand.ca/fr/nos-produits/boucherie/volaille/poulet-poitrine-marinade-dijonnaise-16322,https://341647818.fs1.hubspotusercontent-na3.net/hubfs/341647818/raw_assets/public/MAYRAND-P3-CHILD-THEME/images/icons-modules/placeHolderProduct.png,,2026-10-10T03:37:24.176Z
mayrand,onsale,16345,,16345,20.93,22.99,unité (1 kg),,https://mayrand.ca/fr/nos-produits/boucherie/volaille/poulet-laniere-poitrine-marinade-miel-dijon-16345,https://341647818.fs1.hubspotusercontent-na3.net/hubfs/341647818/raw_assets/public/MAYRAND-P3-CHILD-THEME/images/icons-modules/placeHolderProduct.png,,2026-10-10T03:37:24.176Z
mayrand,onsale,16348,,16348,13.21,21.99,unité (1 kg),,https://mayrand.ca/fr/nos-produits/boucherie/volaille/poulet-poitrine-marinade-miel-dijon-16348,https://341647818.fs1.hubspotusercontent-na3.net/hubfs/341647818/raw_assets/public/MAYRAND-P3-CHILD-THEME/images/icons-modules/placeHolderProduct.png,,2026-10-10T03:37:24.176Z
mayrand,onsale,Papier essuie-tout 2 plis 210 feuilles,Platinum,16461,26.99,29.99,caisse (12x1un),,https://mayrand.ca/fr/nos-produits/entretien/papier-et-essuie-tout/essuie-tout/papier-essuie-tout-2-plis-210-feuilles-16461,https://341647818.fs1.hubspotusercontent-na3.net/hubfs/341647818/EMBALLAGE/16461%20Papier%20essuie-tout%202%20plis%20210%20feuilles.jpg,,2026-10-10T03:37:24.176Z
mayrand,onsale,Farine à pizza 5 kg,Moulin-Charlevoix,16555,11.99,14.99,unité (1x5kg),,https://mayrand.ca/fr/nos-produits/epicerie/farine-semoule-et-chapelure/farine-et-chapelure/farine-a-pizza-16555,https://341647818.fs1.hubspotusercontent-na3.net/hubfs/341647818/CatalogProductImages/%C3%89picerie/16555_Farine%20%C3%A0%20pizza_Moulin-Charlevoix.png,,2026-10-10T03:37:24.176Z
mayrand,onsale,Farine tout usage non blanchie non traitée 5 kg,Moulin-Charlevoix,16557,11.99,14.99,unité (1x5kg),,https://mayrand.ca/fr/nos-produits/epicerie/farine-semoule-et-chapelure/farine-et-chapelure/farine-tout-usage-non-blanchie-non-traitee-16557,https://341647818.fs1.hubspotusercontent-na3.net/hubfs/341647818/CatalogProductImages/%C3%89picerie/16557_Farine%20tout%20usage%20non%20blanchie%20non%20trait%C3%A9e_Moulin-Charlevoix.png,,2026-10-10T03:37:24.176Z
mayrand,onsale,Farine à pain non blanchie non traitée 5 kg,Moulin-Charlevoix,16562,12.49,15.49,unité (1x5kg),,https://mayrand.ca/fr/nos-produits/epicerie/farine-semoule-et-chapelure/farine-et-chapelure/farine-a-pain-non-blanchie-non-traitee-16562,https://341647818.fs1.hubspotusercontent-na3.net/hubfs/341647818/CatalogProductImages/%C3%89picerie/16562Farine%20%C3%A0%20pain%20non%20blanchie%20non%20trait%C3%A9eMoulin-Charlevoix.png,,2026-10-10T03:37:24.176Z
mayrand,onsale,"Lupins en saumure 1,06 kg",Bella Contadina,16573,5.49,6.99,unité (1x1.06kg),,https://mayrand.ca/fr/nos-produits/epicerie/marinade/legumes-marines/lupins-en-saumure-16573,https://341647818.fs1.hubspotusercontent-na3.net/hubfs/341647818/CatalogProductImages/%C3%89picerie/16573%20lupins%20en%20saumure%206x1.06kg%20BELLA%20CONTADINA.jpg,,2026-10-10T03:37:24.176Z
mayrand,onsale,"Artichauts avec tige 1,06 kg",Bella Contadina,16574,14.99,16.99,unité (1x1.06kg),,https://mayrand.ca/fr/nos-produits/epicerie/marinade/legumes-marines/artichauts-avec-tige-16574,https://341647818.fs1.hubspotusercontent-na3.net/hubfs/341647818/CatalogProductImages/%C3%89picerie/16574%20artichauts%20avec%20tige%206x1.06kg%20BELLA%20CONTADINA.jpg,,2026-10-10T03:37:24.176Z
mayrand,onsale,Ailes de poulet épicées 2 kg,Volgo,16754,34.99,39.99,unité (1x2kg),,https://mayrand.ca/fr/nos-produits/surgele/viande-surgelee/volaille-surgelee/ailes-de-poulet-epicees-16754,https://341647818.fs1.hubspotusercontent-na3.net/hubfs/341647818/raw_assets/public/MAYRAND-P3-CHILD-THEME/images/icons-modules/placeHolderProduct.png,,2026-10-10T03:37:24.176Z
mayrand,onsale,Ailes de poulet BBQ douces 2 kg,Volgo,16755,34.99,39.99,unité (1x2kg),,https://mayrand.ca/fr/nos-produits/surgele/viande-surgelee/volaille-surgelee/ailes-de-poulet-bbq-douces-16755,https://341647818.fs1.hubspotusercontent-na3.net/hubfs/341647818/raw_assets/public/MAYRAND-P3-CHILD-THEME/images/icons-modules/placeHolderProduct.png,,2026-10-10T03:37:24.176Z
mayrand,onsale,Biscuits Biscoff sandwich crème Biscoff 154 g,Lotus,16880,2.69,3.69,unité (1x154g),,https://mayrand.ca/fr/nos-produits/epicerie/biscuit-et-craquelin/biscuit-et-gateau/biscuits-biscoff-sandwich-creme-biscoff-16880,https://341647818.fs1.hubspotusercontent-na3.net/hubfs/341647818/16880%20Biscuits%20Biscoff%20sandwich%20cr%C3%A8me%20Biscoff%209x154g%20LOTUS%20(2).png.png,,2026-10-10T03:37:31.344Z
mayrand,onsale,Fromage raclette Compton fleur d'ail,La Station,16913,36.99,46.99,unité (1 1x±3.7kg),,https://mayrand.ca/fr/nos-produits/produits-laitiers/fromage/raclette-et-fondue/fromage-raclette-compton-fleur-dail-16913,https://341647818.fs1.hubspotusercontent-na3.net/hubfs/341647818/raw_assets/public/MAYRAND-P3-CHILD-THEME/images/icons-modules/placeHolderProduct.png,,2026-10-10T03:37:31.344Z
mayrand,onsale,Fromage raclette Compton fleur d'ail coupé,La Station,16956,39.99,49.99,unité (1 kg),,https://mayrand.ca/fr/nos-produits/produits-laitiers/fromage/raclette-et-fondue/fromage-raclette-compton-fleur-dail-coupe-16956,https://341647818.fs1.hubspotusercontent-na3.net/hubfs/341647818/raw_assets/public/MAYRAND-P3-CHILD-THEME/images/icons-modules/placeHolderProduct.png,,2026-10-10T03:37:31.344Z
mayrand,onsale,"Ricotta italienne 1,2 kg",Saputo,17319,14.99,21.49,unité (1x1.2kg),,https://mayrand.ca/fr/nos-produits/produits-laitiers/fromage/ricotta-et-mascarpone/ricotta-italienne-saputo-17319,https://341647818.fs1.hubspotusercontent-na3.net/hubfs/341647818/CatalogProductImages/fr/17319/image-1.jpg,,2026-10-10T03:37:31.344Z
mayrand,onsale,"Caciocavallo fumé 1,2 kg",Saputo,17566,22.99,25.59,unité (1 6x±1.2kg),,https://mayrand.ca/fr/nos-produits/produits-laitiers/fromage/fromage-italien/caciocavallo-fume-saputo-17566,https://341647818.fs1.hubspotusercontent-na3.net/hubfs/341647818/CatalogProductImages/fr/17566/image-1.jpg,,2026-10-10T03:37:31.344Z
mayrand,onsale,"Poires bartlett tranchée 2,84 L",Sun Med,18520,13.49,14.49,unité (2.84L),,https://mayrand.ca/fr/nos-produits/epicerie/fruit-en-conserve/fruits-en-conserve-et-gelees/poires-bartlett-tranchee-sun-med-18520,https://341647818.fs1.hubspotusercontent-na3.net/hubfs/341647818/CatalogProductImages/fr/18520/image-1.jpg,,2026-10-10T03:37:31.344Z
mayrand,onsale,"Fromage Brick 2,4 kg",Saputo,20605,20.99,47.65,unité (2.27 1x±2.27kg),,https://mayrand.ca/fr/nos-produits/produits-laitiers/fromage/cheddar/fromage-brick-saputo-20605,https://341647818.fs1.hubspotusercontent-na3.net/hubfs/341647818/CatalogProductImages/fr/20605/image-1.jpg,,2026-10-10T03:37:31.344Z
mayrand,onsale,"Aubergines piquantes dans l'huile 1,7 L",Golosini,21756,17.59,19.59,unité (1.7L),,https://mayrand.ca/fr/nos-produits/epicerie/marinade/legumes-marines/aubergines-piquantes-dans-lhuile-golosini-21756,https://341647818.fs1.hubspotusercontent-na3.net/hubfs/341647818/CatalogProductImages/fr/21756/image-1.jpg,,2026-10-10T03:37:31.344Z
mayrand,onsale,22023,,22023,6.99,7.99,caisse (1x4.54kg),,https://mayrand.ca/fr/nos-produits/fruits-et-legumes/legumes/oignon/oignon-rouge-22023,https://341647818.fs1.hubspotusercontent-na3.net/hubfs/341647818/CatalogProductImages/fr/22023/image-1.jpg,,2026-10-10T03:37:31.344Z
mayrand,onsale,22058,,22058,15.99,17.99,caisse (22.68kg),,https://mayrand.ca/fr/nos-produits/fruits-et-legumes/legumes/pomme-de-terre/patate-chef-blanche-22058,https://341647818.fs1.hubspotusercontent-na3.net/hubfs/341647818/CatalogProductImages/fr/22058/image-1.jpg,,2026-10-10T03:37:31.344Z
mayrand,onsale,Mini bocconcini canadien 3 kg,Saputo,23116,54.99,66.99,unité (1x3kg),,https://mayrand.ca/fr/nos-produits/produits-laitiers/fromage/bocconcini/bocconcini-mini-canadien-saputo-23116,https://341647818.fs1.hubspotusercontent-na3.net/hubfs/341647818/CatalogProductImages/fr/23116/image-1.jpg,,2026-10-10T03:37:31.344Z
mayrand,onsale,"Gâteau framboise 17""",Beaux Gâteaux,24363,29.99,35.49,unité (1x2.25kg),,https://mayrand.ca/fr/nos-produits/surgele/patisserie-surgelee/gateau-et-tarte-surgeles/gateau-velour-rouge-et-framboise-17-surgele-beaux-gateaux-24363,https://341647818.fs1.hubspotusercontent-na3.net/hubfs/341647818/CatalogProductImages/fr/24363/image-1.jpg,,2026-10-10T03:37:31.344Z
mayrand,onsale,"Gâteau crème et citron 17""",Beaux Gâteaux,24367,29.99,35.49,unité (1x2.15kg),,https://mayrand.ca/fr/nos-produits/surgele/patisserie-surgelee/gateau-et-tarte-surgeles/gateau-creme-et-citron-17-surgele-beaux-gateaux-24367,https://341647818.fs1.hubspotusercontent-na3.net/hubfs/341647818/CatalogProductImages/fr/24367/image-1.jpg,,2026-10-10T03:37:31.344Z
mayrand,onsale,"Gâteau crème et fraise 17""",Beaux Gâteaux,24368,29.99,35.49,unité (1x2.15kg),,https://mayrand.ca/fr/nos-produits/surgele/patisserie-surgelee/gateau-et-tarte-surgeles/gateau-creme-et-fraise-17-surgele-beaux-gateaux-24368,https://341647818.fs1.hubspotusercontent-na3.net/hubfs/341647818/CatalogProductImages/fr/24368/image-1.jpg,,2026-10-10T03:37:31.344Z
mayrand,onsale,Pains bagels au sésame x12,St-Viateur,24482,12.99,14.99,unité (1x12un),,https://mayrand.ca/fr/nos-produits/boulangerie/bagel/bagels-au-sesame-st-viateur-24482,https://341647818.fs1.hubspotusercontent-na3.net/hubfs/341647818/CatalogProductImages/fr/24482/image-1.jpg,,2026-10-10T03:37:31.344Z
mayrand,onsale,"Mozzarella 15% 2,4 kg",Saputo,25411,36.99,39.99,unité (2.4kg),,https://mayrand.ca/fr/nos-produits/produits-laitiers/fromage/mozzarella/mozzarella-15-saputo-25411,https://341647818.fs1.hubspotusercontent-na3.net/hubfs/341647818/CatalogProductImages/fr/25411/image-1.jpg,,2026-10-10T03:37:31.344Z
mayrand,onsale,Oeuf gros omega 3,Ferme Burnbrae,26205,6.99,8.19,unité (1x18un),,https://mayrand.ca/fr/nos-produits/produits-laitiers/oeuf/oeuf-gros-omega-3-26205,https://341647818.fs1.hubspotusercontent-na3.net/hubfs/341647818/raw_assets/public/MAYRAND-P3-CHILD-THEME/images/icons-modules/placeHolderProduct.png,,2026-10-10T03:37:31.344Z
mayrand,onsale,Noix de cajou crues 1 kg,Mayrand CHEF,26489,17.84,20.99,unité (1kg),,https://mayrand.ca/fr/nos-produits/fruits-et-legumes/noix-et-fruits-secs/noix/noix-de-cajou-crue-mayrand-chef-26489,https://341647818.fs1.hubspotusercontent-na3.net/hubfs/341647818/CatalogProductImages/fr/26489/image-1.jpg,,2026-10-10T03:37:31.344Z
mayrand,onsale,Noix de cajou rôties non salées 1 kg,Mayrand CHEF,26490,18.69,21.99,unité (1kg),,https://mayrand.ca/fr/nos-produits/fruits-et-legumes/noix-et-fruits-secs/noix/noix-de-cajou-rotie-non-salee-mayrand-chef-26490,https://341647818.fs1.hubspotusercontent-na3.net/hubfs/341647818/CatalogProductImages/fr/26490/image-1.jpg,,2026-10-10T03:37:31.344Z
mayrand,onsale,Noix de cajou rôties salées 1 kg,Mayrand CHEF,26491,18.69,21.99,unité (1kg),,https://mayrand.ca/fr/nos-produits/fruits-et-legumes/noix-et-fruits-secs/noix-et-fruits-secs-vrac/noix-de-cajou-rotie-salee-mayrand-chef-26491,https://341647818.fs1.hubspotusercontent-na3.net/hubfs/341647818/CatalogProductImages/fr/26491/image-1.jpg,,2026-10-10T03:37:31.344Z
mayrand,onsale,Arachides BBQ 1 kg,Mayrand CHEF,26492,5.94,6.99,unité (1kg),,https://mayrand.ca/fr/nos-produits/fruits-et-legumes/noix-et-fruits-secs/noix-et-fruits-secs-vrac/arachide-bbq-mayrand-chef-26492,https://341647818.fs1.hubspotusercontent-na3.net/hubfs/341647818/CatalogProductImages/fr/26492/image-1.jpg,,2026-10-10T03:37:31.344Z
mayrand,onsale,Arachides émiettées 1 kg,Mayrand CHEF,26493,8.49,9.99,unité (1kg),,https://mayrand.ca/fr/nos-produits/fruits-et-legumes/noix-et-fruits-secs/noix-et-fruits-secs-vrac/arachide-emiettee-non-salee-mayrand-chef-26493,https://341647818.fs1.hubspotusercontent-na3.net/hubfs/341647818/CatalogProductImages/fr/26493/image-1.jpg,,2026-10-10T03:37:31.344Z
mayrand,onsale,Arachides espagnoles rôties salées 1 kg,Mayrand CHEF,26494,5.94,6.99,unité (1kg),,https://mayrand.ca/fr/nos-produits/fruits-et-legumes/noix-et-fruits-secs/noix-et-fruits-secs-vrac/arachide-espagnole-rotie-salee-mayrand-chef-26494,https://341647818.fs1.hubspotusercontent-na3.net/hubfs/341647818/CatalogProductImages/fr/26494/image-1.jpg,,2026-10-10T03:37:31.344Z
mayrand,onsale,Arachides rôties non salées jumbo 1 kg,Mayrand CHEF,26496,8.49,9.99,unité (1kg),,https://mayrand.ca/fr/nos-produits/fruits-et-legumes/noix-et-fruits-secs/noix-et-fruits-secs-vrac/arachide-rotie-non-salee-jumbo-mayrand-chef-26496,https://341647818.fs1.hubspotusercontent-na3.net/hubfs/341647818/CatalogProductImages/fr/26496/image-1.jpg,,2026-10-10T03:37:31.344Z
mayrand,onsale,Arachides blanches rôties salées,Mayrand CHEF,26497,6.79,7.99,unité (1kg),,https://mayrand.ca/fr/nos-produits/fruits-et-legumes/noix-et-fruits-secs/noix-et-fruits-secs-vrac/arachide-blanche-rotie-salee-mayrand-chef-26497,https://341647818.fs1.hubspotusercontent-na3.net/hubfs/341647818/CatalogProductImages/fr/26497/image-1.jpg,,2026-10-10T03:37:31.344Z
mayrand,onsale,Arachides jumbo salées rôties 1 kg,Mayrand CHEF,26498,8.49,9.99,unité (1kg),,https://mayrand.ca/fr/nos-produits/fruits-et-legumes/noix-et-fruits-secs/noix-et-fruits-secs-vrac/arachide-salee-rotie-jumbo-mayrand-chef-26498,https://341647818.fs1.hubspotusercontent-na3.net/hubfs/341647818/CatalogProductImages/fr/26498/image-1.jpg,,2026-10-10T03:37:31.344Z
mayrand,onsale,Arachides sucrées 1 kg,Mayrand CHEF,26499,8.49,9.99,unité (1kg),,https://mayrand.ca/fr/nos-produits/fruits-et-legumes/noix-et-fruits-secs/noix-et-fruits-secs-vrac/arachide-sucree-mayrand-chef-26499,https://341647818.fs1.hubspotusercontent-na3.net/hubfs/341647818/CatalogProductImages/fr/26499/image-1.jpg,,2026-10-10T03:37:31.344Z
mayrand,onsale,Bananes séchées tranchées 750 g,Mayrand CHEF,26500,6.79,8.99,unité (1x750g),,https://mayrand.ca/fr/nos-produits/fruits-et-legumes/noix-et-fruits-secs/noix-et-fruits-secs-vrac/banane-sechee-tranchee-mayrand-chef-26500,https://341647818.fs1.hubspotusercontent-na3.net/hubfs/341647818/CatalogProductImages/fr/26500/image-1.jpg,,2026-10-10T03:37:31.344Z
mayrand,onsale,Maïs à éclater 2 kg,Mayrand CHEF,26501,5.94,6.99,unité (1x2kg),,https://mayrand.ca/fr/nos-produits/fruits-et-legumes/noix-et-fruits-secs/noix-et-fruits-secs-vrac/mais-a-eclater-mayrand-chef-26501,https://341647818.fs1.hubspotusercontent-na3.net/hubfs/341647818/CatalogProductImages/fr/26501/image-1.jpg,,2026-10-10T03:37:31.344Z
mayrand,onsale,Mélange californien 1 kg,Mayrand CHEF,26503,11.04,12.99,unité (1kg),,https://mayrand.ca/fr/nos-produits/fruits-et-legumes/noix-et-fruits-secs/noix-et-fruits-secs-vrac/melange-californien-mayrand-chef-26503,https://341647818.fs1.hubspotusercontent-na3.net/hubfs/341647818/CatalogProductImages/fr/26503/image-1.jpg,,2026-10-10T03:37:31.344Z
mayrand,onsale,Noix mélangées de luxe salées 1 kg,Mayrand CHEF,26504,19.54,22.99,unité (1kg),,https://mayrand.ca/fr/nos-produits/fruits-et-legumes/noix-et-fruits-secs/noix-et-fruits-secs-vrac/melange-noix-de-luxe-salees-mayrand-chef-26504,https://341647818.fs1.hubspotusercontent-na3.net/hubfs/341647818/CatalogProductImages/fr/26504/image-1.jpg,,2026-10-10T03:37:31.344Z
mayrand,onsale,Mélange des bois 1 kg,Mayrand CHEF,26505,10.19,11.99,unité (1kg),,https://mayrand.ca/fr/nos-produits/fruits-et-legumes/noix-et-fruits-secs/noix-et-fruits-secs-vrac/melange-des-bois-mayrand-chef-26505,https://341647818.fs1.hubspotusercontent-na3.net/hubfs/341647818/CatalogProductImages/fr/26505/image-1.jpg,,2026-10-10T03:37:31.344Z
mayrand,onsale,Mélange sentier 1 kg,Mayrand CHEF,26506,8.49,10.99,unité (1x1kg),,https://mayrand.ca/fr/nos-produits/fruits-et-legumes/noix-et-fruits-secs/noix-et-fruits-secs-vrac/melange-sentier-mayrand-chef-26506,https://341647818.fs1.hubspotusercontent-na3.net/hubfs/341647818/CatalogProductImages/fr/26506/image-1.jpg,,2026-10-10T03:37:31.344Z
mayrand,onsale,Bâtonnets de sésame 1 kg,Mayrand CHEF,26508,8.49,9.99,unité (1x700g),,https://mayrand.ca/fr/nos-produits/fruits-et-legumes/noix-et-fruits-secs/noix-et-fruits-secs-vrac/batonnet-de-sesame-mayrand-chef-26508,https://341647818.fs1.hubspotusercontent-na3.net/hubfs/341647818/CatalogProductImages/fr/26508/image-1.jpg,,2026-10-10T03:37:31.344Z
mayrand,onsale,Amandes enrobées de chocolat au lait 1 kg,Mayrand CHEF,26511,21.24,24.99,unité (1x1kg),,https://mayrand.ca/fr/nos-produits/fruits-et-legumes/noix-et-fruits-secs/noix/amande-enrobee-de-chocolat-au-lait-mayrand-chef-26511,https://341647818.fs1.hubspotusercontent-na3.net/hubfs/341647818/CatalogProductImages/fr/26511/image-1.jpg,,2026-10-10T03:37:31.344Z
mayrand,onsale,Raisins secs enrobés de chocolat au lait 1 kg,Mayrand CHEF,26550,16.14,18.99,unité (1kg),,https://mayrand.ca/fr/nos-produits/fruits-et-legumes/noix-et-fruits-secs/fruits-secs/raisin-enrobe-de-chocolat-au-lait-mayrand-chef-26550,https://341647818.fs1.hubspotusercontent-na3.net/hubfs/341647818/CatalogProductImages/fr/26550/image-1.jpg,,2026-10-10T03:37:31.344Z
mayrand,onsale,Noix mélangées et arachides non salées 1 kg,Mayrand CHEF,26551,13.59,15.99,unité (1kg),,https://mayrand.ca/fr/nos-produits/fruits-et-legumes/noix-et-fruits-secs/noix-et-fruits-secs-vrac/melange-de-noix-et-arachides-non-salees-mayrand-chef-26551,https://341647818.fs1.hubspotusercontent-na3.net/hubfs/341647818/CatalogProductImages/fr/26551/image-1.jpg,,2026-10-10T03:37:31.344Z
mayrand,onsale,Mélange de noix et arachides rôties salées 1 kg,Mayrand CHEF,26553,13.59,15.99,unité (1kg),,https://mayrand.ca/fr/nos-produits/fruits-et-legumes/noix-et-fruits-secs/noix/melange-de-noix-et-arachides-roties-salees-mayrand-chef-26553,https://341647818.fs1.hubspotusercontent-na3.net/hubfs/341647818/CatalogProductImages/fr/26553/image-1.jpg,,2026-10-10T03:37:31.344Z
mayrand,onsale,Pistaches rôties salées 1 kg,Mayrand CHEF,26561,22.94,26.99,unité (1x1kg),,https://mayrand.ca/fr/nos-produits/fruits-et-legumes/noix-et-fruits-secs/noix-et-fruits-secs-vrac/pistache-rotie-salee-mayrand-chef-26561,https://341647818.fs1.hubspotusercontent-na3.net/hubfs/341647818/CatalogProductImages/fr/26561/image-1.jpg,,2026-10-10T03:37:31.344Z
mayrand,onsale,"Houblonneux de l’Isle à la bière meule 1,4 kg",Fromagerie de l'Isle,26646,52.99,74.19,unité (1.4 1x±1.4kg),,https://mayrand.ca/fr/nos-produits/produits-laitiers/fromage/fromage-de-specialite/houblonneux-de-lisle-a-la-biere-meule-fromagerie-de-lisle-26646,https://341647818.fs1.hubspotusercontent-na3.net/hubfs/341647818/CatalogProductImages/fr/26646/image-1.jpg,,2026-10-10T03:37:31.344Z
mayrand,onsale,26796,,26796,5.99,9.99,caisse (1x2kg),,https://mayrand.ca/fr/nos-produits/fruits-et-legumes/fruits/poire/poire-rocha-26796,https://341647818.fs1.hubspotusercontent-na3.net/hubfs/341647818/CatalogProductImages/fr/26796/image-1.jpg,,2026-10-10T03:37:31.344Z
mayrand,onsale,27411,,27411,1.49,2.99,unité (454g),,https://mayrand.ca/fr/nos-produits/fruits-et-legumes/legumes/tomate/tomate-rouge-cocktail-27411,https://341647818.fs1.hubspotusercontent-na3.net/hubfs/341647818/raw_assets/public/MAYRAND-P3-CHILD-THEME/images/icons-modules/placeHolderProduct.png,,2026-10-10T03:37:31.344Z
mayrand,onsale,Raisins Corinthe 1 kg,Mayrand CHEF,27513,11.89,13.99,unité (1kg),,https://mayrand.ca/fr/nos-produits/fruits-et-legumes/noix-et-fruits-secs/noix-et-fruits-secs-vrac/raisin-corinthe-mayrand-chef-27513,https://341647818.fs1.hubspotusercontent-na3.net/hubfs/341647818/CatalogProductImages/fr/27513/image-1.png,,2026-10-10T03:37:38.445Z
mayrand,onsale,Brisures de pistaches 1 kg,Mayrand CHEF,27515,46.74,68.99,unité (1x1kg),,https://mayrand.ca/fr/nos-produits/fruits-et-legumes/noix-et-fruits-secs/noix-et-fruits-secs-vrac/pistache-brisee-mayrand-chef-27515,https://341647818.fs1.hubspotusercontent-na3.net/hubfs/341647818/CatalogProductImages/fr/27515/image-1.jpg,,2026-10-10T03:37:38.445Z
mayrand,onsale,Graines de citrouille écalées rôties salées 1 kg,Mayrand CHEF,27517,11.04,12.99,unité (1kg),,https://mayrand.ca/fr/nos-produits/fruits-et-legumes/noix-et-fruits-secs/noix/graine-de-citrouille-rotie-salee-mayrand-chef-27517,https://341647818.fs1.hubspotusercontent-na3.net/hubfs/341647818/CatalogProductImages/fr/27517/image-1.jpg,,2026-10-10T03:37:38.445Z
mayrand,onsale,Graines de citrouille écalées rôties non salées 1 kg,Mayrand CHEF,27518,11.89,13.99,unité (1kg),,https://mayrand.ca/fr/nos-produits/fruits-et-legumes/noix-et-fruits-secs/noix/graine-de-citrouille-rotie-non-salee-mayrand-chef-27518,https://341647818.fs1.hubspotusercontent-na3.net/hubfs/341647818/CatalogProductImages/fr/27518/image-1.jpg,,2026-10-10T03:37:38.445Z
mayrand,onsale,27726,,27726,2.99,3.99,unité (907g),,https://mayrand.ca/fr/nos-produits/fruits-et-legumes/legumes/pomme-de-terre/patate-grelot-fingerling-the-little-potato-company-27726,https://341647818.fs1.hubspotusercontent-na3.net/hubfs/341647818/CatalogProductImages/fr/27726/image-1.png,,2026-10-10T03:37:38.445Z
mayrand,onsale,Amandes rôties salées 1 kg,Mayrand CHEF,27769,17.84,20.99,unité (1x1kg),,https://mayrand.ca/fr/nos-produits/fruits-et-legumes/noix-et-fruits-secs/noix/amande-rotie-salee-mayrand-chef-27769,https://341647818.fs1.hubspotusercontent-na3.net/hubfs/341647818/CatalogProductImages/fr/27769/image-1.jpg,,2026-10-10T03:37:38.445Z
mayrand,onsale,Amandes tamari 1 kg,Mayrand CHEF,27770,19.54,22.99,unité (1x1kg),,https://mayrand.ca/fr/nos-produits/fruits-et-legumes/noix-et-fruits-secs/noix/amande-tamari-mayrand-chef-27770,https://341647818.fs1.hubspotusercontent-na3.net/hubfs/341647818/CatalogProductImages/fr/27770/image-1.jpg,,2026-10-10T03:37:38.445Z
mayrand,onsale,Graines de pavot 1 kg,Mayrand CHEF,27771,8.49,9.99,unité (1kg),,https://mayrand.ca/fr/nos-produits/fruits-et-legumes/noix-et-fruits-secs/noix-et-fruits-secs-vrac/graine-de-pavot-mayrand-chef-27771,https://341647818.fs1.hubspotusercontent-na3.net/hubfs/341647818/CatalogProductImages/fr/27771/image-1.jpg,,2026-10-10T03:37:38.445Z
mayrand,onsale,Graines de sésame noires 1 kg,Mayrand CHEF,27772,8.49,9.99,unité (1kg),,https://mayrand.ca/fr/nos-produits/fruits-et-legumes/noix-et-fruits-secs/noix-et-fruits-secs-vrac/graine-de-sesame-noire-mayrand-chef-27772,https://341647818.fs1.hubspotusercontent-na3.net/hubfs/341647818/CatalogProductImages/fr/27772/image-1.jpg,,2026-10-10T03:37:38.445Z
mayrand,onsale,Quinoa blanc 1 kg,Mayrand CHEF,27773,8.49,9.99,unité (1kg),,https://mayrand.ca/fr/nos-produits/fruits-et-legumes/noix-et-fruits-secs/noix-et-fruits-secs-vrac/quinoa-blanc-mayrand-chef-27773,https://341647818.fs1.hubspotusercontent-na3.net/hubfs/341647818/CatalogProductImages/fr/27773/image-1.jpg,,2026-10-10T03:37:38.445Z
mayrand,onsale,Noix du Brésil 1 kg,Mayrand CHEF,27774,33.99,39.99,unité (1kg),,https://mayrand.ca/fr/nos-produits/fruits-et-legumes/noix-et-fruits-secs/noix-et-fruits-secs-vrac/noix-du-bresil-mayrand-chef-27774,https://341647818.fs1.hubspotusercontent-na3.net/hubfs/341647818/CatalogProductImages/fr/27774/image-1.jpg,,2026-10-10T03:37:38.445Z
mayrand,onsale,Amandes naturelles entières 1 kg,Mayrand CHEF,27802,21.24,24.99,unité (1kg),,https://mayrand.ca/fr/nos-produits/fruits-et-legumes/noix-et-fruits-secs/noix/amande-naturelle-entiere-mayrand-chef-27802,https://341647818.fs1.hubspotusercontent-na3.net/hubfs/341647818/CatalogProductImages/fr/27802/image-1.jpg,,2026-10-10T03:37:38.445Z
mayrand,onsale,Amandes blanches entières 1 kg,Mayrand CHEF,27805,19.54,22.99,unité (1kg),,https://mayrand.ca/fr/nos-produits/fruits-et-legumes/noix-et-fruits-secs/noix/amande-blanche-entiere-mayrand-chef-27805,https://341647818.fs1.hubspotusercontent-na3.net/hubfs/341647818/CatalogProductImages/fr/27805/image-1.jpg,,2026-10-10T03:37:38.445Z
mayrand,onsale,Amandes blanches moulues 1 kg,Mayrand CHEF,27807,16.14,18.99,unité (1kg),,https://mayrand.ca/fr/nos-produits/fruits-et-legumes/noix-et-fruits-secs/noix/amande-blanche-moulue-mayrand-chef-27807,https://341647818.fs1.hubspotusercontent-na3.net/hubfs/341647818/CatalogProductImages/fr/27807/image-1.jpg,,2026-10-10T03:37:38.445Z
mayrand,onsale,Amandes blanches tranchées 1 kg,Mayrand CHEF,27808,19.54,22.99,unité (1kg),,https://mayrand.ca/fr/nos-produits/fruits-et-legumes/noix-et-fruits-secs/noix/amande-blanche-tranchee-mayrand-chef-27808,https://341647818.fs1.hubspotusercontent-na3.net/hubfs/341647818/CatalogProductImages/fr/27808/image-1.jpg,,2026-10-10T03:37:38.445Z
mayrand,onsale,Amandes naturelles moulues 1 kg,Mayrand CHEF,27809,14.44,16.99,unité (1kg),,https://mayrand.ca/fr/nos-produits/fruits-et-legumes/noix-et-fruits-secs/noix/amande-naturelle-moulue-mayrand-chef-27809,https://341647818.fs1.hubspotusercontent-na3.net/hubfs/341647818/CatalogProductImages/fr/27809/image-1.jpg,,2026-10-10T03:37:38.445Z
mayrand,onsale,Amandes rôties non salées 1 kg,Mayrand CHEF,27811,17.84,20.99,unité (1kg),,https://mayrand.ca/fr/nos-produits/fruits-et-legumes/noix-et-fruits-secs/noix/amande-rotie-non-salee-mayrand-chef-27811,https://341647818.fs1.hubspotusercontent-na3.net/hubfs/341647818/CatalogProductImages/fr/27811/image-1.jpg,,2026-10-10T03:37:38.445Z
mayrand,onsale,Avelines blanches entières 1 kg,Mayrand CHEF,27812,38.24,44.99,unité (1kg),,https://mayrand.ca/fr/nos-produits/fruits-et-legumes/noix-et-fruits-secs/noix-et-fruits-secs-vrac/aveline-blanche-entiere-mayrand-chef-27812,https://341647818.fs1.hubspotusercontent-na3.net/hubfs/341647818/CatalogProductImages/fr/27812/image-1.jpg,,2026-10-10T03:37:38.445Z
mayrand,onsale,Avelines natures écalées 1 kg,Mayrand CHEF,27813,22.94,26.99,unité (1kg),,https://mayrand.ca/fr/nos-produits/fruits-et-legumes/noix-et-fruits-secs/noix-et-fruits-secs-vrac/aveline-nature-ecalee-mayrand-chef-27813,https://341647818.fs1.hubspotusercontent-na3.net/hubfs/341647818/CatalogProductImages/fr/27813/image-1.jpg,,2026-10-10T03:37:38.445Z
mayrand,onsale,Noix de Grenoble écalées crues 700 g,Mayrand CHEF,27815,11.04,12.99,unité (1x700g),,https://mayrand.ca/fr/nos-produits/fruits-et-legumes/noix-et-fruits-secs/noix-et-fruits-secs-vrac/noix-de-grenoble-ecalee-crue-mayrand-chef-27815,https://341647818.fs1.hubspotusercontent-na3.net/hubfs/341647818/CatalogProductImages/Fruits%20et%20L%C3%A9gumes/27815-Noix%20de%20Grenoble%20%C3%A9cal%C3%A9es%20crues%20700%20kg%20Mayrand%20CHEF.jpg,,2026-10-10T03:37:38.445Z
mayrand,onsale,Noix de Grenoble en morceaux 1 kg,Mayrand CHEF,27817,14.44,16.99,unité (1kg),,https://mayrand.ca/fr/nos-produits/fruits-et-legumes/noix-et-fruits-secs/noix-et-fruits-secs-vrac/noix-de-grenoble-en-morceaux-mayrand-chef-27817,https://341647818.fs1.hubspotusercontent-na3.net/hubfs/341647818/CatalogProductImages/fr/27817/image-1.jpg,,2026-10-10T03:37:38.445Z
mayrand,onsale,Graines de citrouille écalées crues 1 kg,Mayrand CHEF,27820,11.04,12.99,unité (1kg),,https://mayrand.ca/fr/nos-produits/fruits-et-legumes/noix-et-fruits-secs/noix-et-fruits-secs-vrac/graine-de-citrouille-ecalee-crue-mayrand-chef-27820,https://341647818.fs1.hubspotusercontent-na3.net/hubfs/341647818/CatalogProductImages/fr/27820/image-1.jpg,,2026-10-10T03:37:38.445Z
mayrand,onsale,Graines de chia noires 1 kg,Mayrand CHEF,27821,8.49,9.99,unité (1kg),,https://mayrand.ca/fr/nos-produits/fruits-et-legumes/noix-et-fruits-secs/noix-et-fruits-secs-vrac/graine-de-chia-noire-mayrand-chef-27821,https://341647818.fs1.hubspotusercontent-na3.net/hubfs/341647818/CatalogProductImages/fr/27821/image-1.jpg,,2026-10-10T03:37:38.445Z
mayrand,onsale,Graines de lin 1 kg,Mayrand CHEF,27822,4.24,4.99,unité (1kg),,https://mayrand.ca/fr/nos-produits/fruits-et-legumes/noix-et-fruits-secs/noix-et-fruits-secs-vrac/graine-de-lin-mayrand-chef-27822,https://341647818.fs1.hubspotusercontent-na3.net/hubfs/341647818/CatalogProductImages/fr/27822/image-1.jpg,,2026-10-10T03:37:38.445Z
mayrand,onsale,Graines de lin doré 1 kg,Mayrand CHEF,27823,4.24,4.99,unité (1x1kg),,https://mayrand.ca/fr/nos-produits/fruits-et-legumes/noix-et-fruits-secs/noix-et-fruits-secs-vrac/graine-de-lin-dore-mayrand-chef-27823,https://341647818.fs1.hubspotusercontent-na3.net/hubfs/341647818/CatalogProductImages/fr/27823/image-1.jpg,,2026-10-10T03:37:38.445Z
mayrand,onsale,Graines de lin moulues 1 kg,Mayrand CHEF,27824,5.09,5.99,unité (1kg),,https://mayrand.ca/fr/nos-produits/fruits-et-legumes/noix-et-fruits-secs/noix-et-fruits-secs-vrac/graine-de-lin-moulue-mayrand-chef-27824,https://341647818.fs1.hubspotusercontent-na3.net/hubfs/341647818/CatalogProductImages/fr/27824/image-1.jpg,,2026-10-10T03:37:38.445Z
mayrand,onsale,Graines de millet crues 1 kg,Mayrand CHEF,27825,4.24,4.99,unité (1kg),,https://mayrand.ca/fr/nos-produits/fruits-et-legumes/noix-et-fruits-secs/noix-et-fruits-secs-vrac/graine-de-millet-crue-mayrand-chef-27825,https://341647818.fs1.hubspotusercontent-na3.net/hubfs/341647818/CatalogProductImages/fr/27825/image-1.jpg,,2026-10-10T03:37:38.445Z
mayrand,onsale,Graines de sésame blanchies 1 kg,Mayrand CHEF,27826,5.94,6.99,unité (1kg),,https://mayrand.ca/fr/nos-produits/fruits-et-legumes/noix-et-fruits-secs/noix/graine-de-sesame-blanche-crue-mayrand-chef-27826,https://341647818.fs1.hubspotusercontent-na3.net/hubfs/341647818/CatalogProductImages/fr/27826/image-1.jpg,,2026-10-10T03:37:38.446Z
mayrand,onsale,Graines de tournesol écalées crues 1 kg,Mayrand CHEF,27828,4.67,5.49,unité (1kg),,https://mayrand.ca/fr/nos-produits/fruits-et-legumes/noix-et-fruits-secs/noix-et-fruits-secs-vrac/graine-de-tournesol-ecalee-crue-mayrand-chef-27828,https://341647818.fs1.hubspotusercontent-na3.net/hubfs/341647818/CatalogProductImages/fr/27828/image-1.jpg,,2026-10-10T03:37:38.446Z
mayrand,onsale,Graines de tournesol rôties non salées 1 kg,Mayrand CHEF,27829,5.52,6.49,unité (1kg),,https://mayrand.ca/fr/nos-produits/fruits-et-legumes/noix-et-fruits-secs/noix-et-fruits-secs-vrac/graine-de-tournesol-ecalee-rotie-non-salee-mayrand-chef-27829,https://341647818.fs1.hubspotusercontent-na3.net/hubfs/341647818/CatalogProductImages/fr/27829/image-1.jpg,,2026-10-10T03:37:38.446Z
mayrand,onsale,Graines de tournesol écalées rôties salées 1 kg,Mayrand CHEF,27830,5.52,6.49,unité (1kg),,https://mayrand.ca/fr/nos-produits/fruits-et-legumes/noix-et-fruits-secs/noix-et-fruits-secs-vrac/graine-de-tournesol-ecalee-rotie-salee-mayrand-chef-27830,https://341647818.fs1.hubspotusercontent-na3.net/hubfs/341647818/CatalogProductImages/fr/27830/image-1.jpg,,2026-10-10T03:37:38.446Z
mayrand,onsale,Noix de coco râpée sucrée 1 kg,Mayrand CHEF,27836,11.47,13.49,unité (1x1kg),,https://mayrand.ca/fr/nos-produits/fruits-et-legumes/noix-et-fruits-secs/noix-et-fruits-secs-vrac/noix-de-coco-rapee-sucree-mayrand-chef-27836,https://341647818.fs1.hubspotusercontent-na3.net/hubfs/341647818/CatalogProductImages/fr/27836/image-1.jpg,,2026-10-10T03:37:38.446Z
mayrand,onsale,Graines de sésame blanches rôties 1 kg,Mayrand CHEF,27839,8.49,9.99,unité (1kg),,https://mayrand.ca/fr/nos-produits/fruits-et-legumes/noix-et-fruits-secs/noix-et-fruits-secs-vrac/graine-de-sesame-blanche-rotie-mayrand-chef-27839,https://341647818.fs1.hubspotusercontent-na3.net/hubfs/341647818/CatalogProductImages/fr/27839/image-1.jpg,,2026-10-10T03:37:38.446Z
mayrand,onsale,Pacanes écalées demies 1 kg,Mayrand CHEF,27840,28.04,32.99,unité (1x1kg),,https://mayrand.ca/fr/nos-produits/fruits-et-legumes/noix-et-fruits-secs/noix-et-fruits-secs-vrac/pacane-ecalee-demie-mayrand-chef-27840,https://341647818.fs1.hubspotusercontent-na3.net/hubfs/341647818/CatalogProductImages/fr/27840/image-1.jpg,,2026-10-10T03:37:38.446Z
mayrand,onsale,Dattes dénoyautées 1 kg,Mayrand CHEF,27841,4.67,5.49,unité (1kg),,https://mayrand.ca/fr/nos-produits/fruits-et-legumes/noix-et-fruits-secs/fruits-secs/datte-denoyautee-mayrand-chef-27841,https://341647818.fs1.hubspotusercontent-na3.net/hubfs/341647818/CatalogProductImages/fr/27841/image-1.jpg,,2026-10-10T03:37:38.446Z
mayrand,onsale,Figues entières séchées 1 kg,Mayrand CHEF,27842,21.24,24.99,unité (1kg),,https://mayrand.ca/fr/nos-produits/fruits-et-legumes/noix-et-fruits-secs/noix-et-fruits-secs-vrac/figue-entiere-sechee-mayrand-chef-27842,https://341647818.fs1.hubspotusercontent-na3.net/hubfs/341647818/CatalogProductImages/fr/27842/image-1.jpg,,2026-10-10T03:37:38.446Z
mayrand,onsale,Raisins dorés 1 kg,Mayrand CHEF,27843,7.64,8.99,unité (1kg),,https://mayrand.ca/fr/nos-produits/fruits-et-legumes/noix-et-fruits-secs/noix-et-fruits-secs-vrac/raisin-dore-mayrand-chef-27843,https://341647818.fs1.hubspotusercontent-na3.net/hubfs/341647818/CatalogProductImages/fr/27843/image-1.jpg,,2026-10-10T03:37:38.446Z
mayrand,onsale,Raisins secs sultana 1 kg,Mayrand CHEF,27844,6.79,7.99,unité (1kg),,https://mayrand.ca/fr/nos-produits/fruits-et-legumes/noix-et-fruits-secs/fruits-secs/raisin-sultana-mayrand-chef-27844,https://341647818.fs1.hubspotusercontent-na3.net/hubfs/341647818/CatalogProductImages/fr/27844/image-1.jpg,,2026-10-10T03:37:38.446Z
mayrand,onsale,Raisins secs Thompson 1 kg,Mayrand CHEF,27845,8.49,9.99,unité (1kg),,https://mayrand.ca/fr/nos-produits/fruits-et-legumes/noix-et-fruits-secs/noix-et-fruits-secs-vrac/raisin-thompson-mayrand-chef-27845,https://341647818.fs1.hubspotusercontent-na3.net/hubfs/341647818/CatalogProductImages/fr/27845/image-1.jpg,,2026-10-10T03:37:38.446Z
mayrand,onsale,Pruneaux avec noyau 1 kg,Mayrand CHEF,27846,9.34,10.99,unité (1kg),,https://mayrand.ca/fr/nos-produits/fruits-et-legumes/noix-et-fruits-secs/noix-et-fruits-secs-vrac/pruneau-avec-noyau-mayrand-chef-27846,https://341647818.fs1.hubspotusercontent-na3.net/hubfs/341647818/CatalogProductImages/fr/27846/image-1.jpg,,2026-10-10T03:37:38.446Z
mayrand,onsale,Pruneaux dénoyautés 1 kg,Mayrand CHEF,27847,10.19,11.99,unité (1x1kg),,https://mayrand.ca/fr/nos-produits/fruits-et-legumes/noix-et-fruits-secs/noix-et-fruits-secs-vrac/pruneau-denoyaute-mayrand-chef-27847,https://341647818.fs1.hubspotusercontent-na3.net/hubfs/341647818/CatalogProductImages/fr/27847/image-1.jpg,,2026-10-10T03:37:38.446Z
mayrand,onsale,Abricots séchés 1 kg,Mayrand CHEF,27848,19.54,22.99,unité (1kg),,https://mayrand.ca/fr/nos-produits/fruits-et-legumes/noix-et-fruits-secs/noix-et-fruits-secs-vrac/abricot-seche-mayrand-chef-27848,https://341647818.fs1.hubspotusercontent-na3.net/hubfs/341647818/CatalogProductImages/fr/27848/image-1.jpg,,2026-10-10T03:37:38.446Z
mayrand,onsale,Ananas séchés en dés 1 kg,Mayrand CHEF,27849,11.89,13.99,unité (1kg),,https://mayrand.ca/fr/nos-produits/fruits-et-legumes/noix-et-fruits-secs/noix-et-fruits-secs-vrac/ananas-seche-en-cube-mayrand-chef-27849,https://341647818.fs1.hubspotusercontent-na3.net/hubfs/341647818/CatalogProductImages/fr/27849/image-1.jpg,,2026-10-10T03:37:38.446Z
mayrand,onsale,Canneberges séchées 1 kg,Mayrand CHEF,27850,8.49,9.99,unité (1kg),,https://mayrand.ca/fr/nos-produits/fruits-et-legumes/noix-et-fruits-secs/fruits-secs/canneberge-sechee-mayrand-chef-27850,https://341647818.fs1.hubspotusercontent-na3.net/hubfs/341647818/CatalogProductImages/fr/27850/image-1.jpg,,2026-10-10T03:37:38.446Z
mayrand,onsale,Gingembre cristallisé tranché 1 kg,Mayrand CHEF,27852,12.74,14.99,unité (1kg),,https://mayrand.ca/fr/nos-produits/fruits-et-legumes/noix-et-fruits-secs/fruits-cristallises/gingembre-cristallise-tranche-mayrand-chef-27852,https://341647818.fs1.hubspotusercontent-na3.net/hubfs/341647818/CatalogProductImages/fr/27852/image-1.jpg,,2026-10-10T03:37:38.446Z
mayrand,onsale,Mangues séchées tranchées 1 kg,Mayrand CHEF,27853,14.44,16.99,unité (1kg),,https://mayrand.ca/fr/nos-produits/fruits-et-legumes/noix-et-fruits-secs/noix-et-fruits-secs-vrac/mangue-sechee-tranchee-mayrand-chef-27853,https://341647818.fs1.hubspotusercontent-na3.net/hubfs/341647818/CatalogProductImages/fr/27853/image-1.jpg,,2026-10-10T03:37:38.446Z
mayrand,onsale,Brisures de caroube 1 kg,Mayrand CHEF,27854,11.04,12.99,unité (1kg),,https://mayrand.ca/fr/nos-produits/fruits-et-legumes/noix-et-fruits-secs/noix-et-fruits-secs-vrac/caroube-brisure-mayrand-chef-27854,https://341647818.fs1.hubspotusercontent-na3.net/hubfs/341647818/CatalogProductImages/fr/27854/image-1.jpg,,2026-10-10T03:37:38.446Z
mayrand,onsale,Brisures de chocolat composé 1 kg,Mayrand CHEF,27855,11.04,12.99,unité (1kg),,https://mayrand.ca/fr/nos-produits/fruits-et-legumes/noix-et-fruits-secs/noix-et-fruits-secs-vrac/chocolat-compose-brisure-mayrand-chef-27855,https://341647818.fs1.hubspotusercontent-na3.net/hubfs/341647818/CatalogProductImages/fr/27855/image-1.jpg,,2026-10-10T03:37:45.137Z
mayrand,onsale,Pastilles de chocolat blanc 1 kg,Mayrand CHEF,28219,12.74,14.99,unité (1x1kg),,https://mayrand.ca/fr/nos-produits/fruits-et-legumes/noix-et-fruits-secs/noix-et-fruits-secs-vrac/chocolat-blanc-pastille-mayrand-chef-28219,https://341647818.fs1.hubspotusercontent-na3.net/hubfs/341647818/CatalogProductImages/fr/28219/image-1.jpg,,2026-10-10T03:37:45.137Z
mayrand,onsale,Pastilles de chocolat au lait 1 kg,Mayrand CHEF,28220,12.74,14.99,unité (1x1kg),,https://mayrand.ca/fr/nos-produits/fruits-et-legumes/noix-et-fruits-secs/noix-et-fruits-secs-vrac/chocolat-au-lait-pastille-mayrand-chef-28220,https://341647818.fs1.hubspotusercontent-na3.net/hubfs/341647818/CatalogProductImages/fr/28220/image-1.jpg,,2026-10-10T03:37:45.137Z
mayrand,onsale,Pastilles de chocolat noir 1 kg,Mayrand CHEF,28222,12.74,14.99,unité (1x1kg),,https://mayrand.ca/fr/nos-produits/fruits-et-legumes/noix-et-fruits-secs/noix-et-fruits-secs-vrac/chocolat-noir-pastille-mayrand-chef-28222,https://341647818.fs1.hubspotusercontent-na3.net/hubfs/341647818/CatalogProductImages/fr/28222/image-1.jpg,,2026-10-10T03:37:45.137Z
mayrand,onsale,Amandes blanches en bâtonnets 1 kg,Mayrand CHEF,28467,19.54,22.99,unité (1Kg),,https://mayrand.ca/fr/nos-produits/fruits-et-legumes/noix-et-fruits-secs/noix/amande-blanche-en-batonnet-mayrand-chef-28467,https://341647818.fs1.hubspotusercontent-na3.net/hubfs/341647818/CatalogProductImages/fr/28467/image-1.jpg,,2026-10-10T03:37:45.137Z
mayrand,onsale,Bocconcini canadien 3 kg,Saputo,29131,54.99,66.99,unité (1x3kg),,https://mayrand.ca/fr/nos-produits/produits-laitiers/fromage/bocconcini/bocconcini-canadien-3-kg-saputo-29131,https://341647818.fs1.hubspotusercontent-na3.net/hubfs/341647818/CatalogProductImages/fr/29131/image-1.jpg,,2026-10-10T03:37:45.137Z
mayrand,onsale,Mozzarellissima 15% 1 kg,Saputo,29133,14.99,16.99,unité (1kg),,https://mayrand.ca/fr/nos-produits/produits-laitiers/fromage/mozzarella/mozzarellissima-15-saputo-29133,https://341647818.fs1.hubspotusercontent-na3.net/hubfs/341647818/CatalogProductImages/fr/29133/image-1.jpg,,2026-10-10T03:37:45.137Z
mayrand,onsale,Arachides enrobées de chocolat au lait 1 kg,Mayrand CHEF,29465,16.14,18.99,unité (1kg),,https://mayrand.ca/fr/nos-produits/fruits-et-legumes/noix-et-fruits-secs/fruits-cristallises/arachide-enrobee-de-chocolat-au-lait-mayrand-chef-29465,https://341647818.fs1.hubspotusercontent-na3.net/hubfs/341647818/CatalogProductImages/fr/29465/image-1.jpg,,2026-10-10T03:37:45.137Z
mayrand,onsale,"Mozzarellissima 2,4 kg",Saputo,30058,36.99,45.69,unité (2.4kg),,https://mayrand.ca/fr/nos-produits/produits-laitiers/fromage/mozzarella/mozzarellissima-saputo-30058,https://341647818.fs1.hubspotusercontent-na3.net/hubfs/341647818/CatalogProductImages/fr/30058/image-1.jpg,,2026-10-10T03:37:45.137Z
mayrand,onsale,Caciocavallo fumé petit boule 400 g,Saputo,30694,27.49,11,unité (0.4 12x±400g),,https://mayrand.ca/fr/nos-produits/produits-laitiers/fromage/fromage-italien/caciocavallo-fume-petit-boule-saputo-30694,https://341647818.fs1.hubspotusercontent-na3.net/hubfs/341647818/CatalogProductImages/fr/30694/image-1.jpg,,2026-10-10T03:37:45.137Z
mayrand,onsale,Pain moelleux blé entier 675 g,Villagio,30895,3.99,4.49,unité (675G),,https://mayrand.ca/fr/nos-produits/boulangerie/pain-tranche/pain-tranche/pain-moelleux-ble-entier-30895,https://341647818.fs1.hubspotusercontent-na3.net/hubfs/341647818/CatalogProductImages/BOULANGERIE/30895%20pain%20moelleux%20bl%C3%A9%20entier%20675gr%20VILLAGIO.png,,2026-10-10T03:37:45.137Z
mayrand,onsale,Crème à fouetter 35% 1L,Québon,31481,6.49,7.99,unité (1L),,https://mayrand.ca/fr/nos-produits/produits-laitiers/creme/creme/creme-a-fouetter-35-quebon-31481,https://341647818.fs1.hubspotusercontent-na3.net/hubfs/341647818/CatalogProductImages/fr/31481/image-1.jpg,,2026-10-10T03:37:45.137Z
mayrand,onsale,"Lait 3,25% 4 L",Québon,31501,8.59,8.99,unité (4L),,https://mayrand.ca/fr/nos-produits/produits-laitiers/lait/lait-325-quebon-31501,https://341647818.fs1.hubspotusercontent-na3.net/hubfs/341647818/CatalogProductImages/fr/31501/image-1.jpg,,2026-10-10T03:37:45.137Z
mayrand,onsale,Lait 2% 4 L,Québon,31503,8.19,8.49,unité (4L),,https://mayrand.ca/fr/nos-produits/produits-laitiers/lait/lait-2-quebon-31503,https://341647818.fs1.hubspotusercontent-na3.net/hubfs/341647818/CatalogProductImages/fr/31503/image-1.jpg,,2026-10-10T03:37:45.137Z
mayrand,onsale,Lait 1% 4 L,Québon,31504,7.79,7.99,unité (4L),,https://mayrand.ca/fr/nos-produits/produits-laitiers/lait/lait-1-quebon-31504,https://341647818.fs1.hubspotusercontent-na3.net/hubfs/341647818/CatalogProductImages/fr/31504/image-1.jpg,,2026-10-10T03:37:45.137Z
mayrand,onsale,Poitrine de bœuf fumée à l'ancienne 6 kg,Lesters,31669,24.99,149.94,unité (6 kg),,https://mayrand.ca/fr/nos-produits/charcuterie/viande-fumee/poitrine-de-boeuf-fumee-a-lancienne-lesters-31669,https://341647818.fs1.hubspotusercontent-na3.net/hubfs/341647818/CatalogProductImages/fr/31669/image-1.jpg,,2026-10-10T03:37:45.137Z
mayrand,onsale,Poitrine de bœuf fumée régulière 5 kg,Lesters,32150,24.99,124.95,unité (5 kg),,https://mayrand.ca/fr/nos-produits/charcuterie/viande-fumee/poitrine-de-boeuf-fumee-lesters-32150,https://341647818.fs1.hubspotusercontent-na3.net/hubfs/341647818/CatalogProductImages/fr/32150/image-1.jpg,,2026-10-10T03:37:45.137Z
mayrand,onsale,Compote de pomme non sucrée 620 ml,Mott's,32283,2.79,3.29,unité (1x620ml),,https://mayrand.ca/fr/nos-produits/epicerie/fruit-en-conserve/compote/compote-de-pommes-non-sucree-motts-32283,https://341647818.fs1.hubspotusercontent-na3.net/hubfs/341647818/CatalogProductImages/fr/32283/image-1.jpg,,2026-10-10T03:37:45.137Z
mayrand,onsale,Bretzels enrobés de chocolat au lait 1 kg,Mayrand CHEF,33495,21.24,24.99,unité (1kg),,https://mayrand.ca/fr/nos-produits/fruits-et-legumes/noix-et-fruits-secs/noix-et-fruits-secs-vrac/bretzel-enrobe-de-chocolat-au-lait-mayrand-chef-33495,https://341647818.fs1.hubspotusercontent-na3.net/hubfs/341647818/CatalogProductImages/fr/33495/image-1.jpg,,2026-10-10T03:37:45.137Z
mayrand,onsale,Amandes moulues extra-fine 1 kg,Mayrand CHEF,33498,16.99,19.99,unité (1kg),,https://mayrand.ca/fr/nos-produits/fruits-et-legumes/noix-et-fruits-secs/noix/amande-moulue-en-farine-extra-fine-mayrand-chef-33498,https://341647818.fs1.hubspotusercontent-na3.net/hubfs/341647818/CatalogProductImages/fr/33498/image-1.jpg,,2026-10-10T03:37:45.137Z
mayrand,onsale,Amandes enrobées de chocolat noir 1 kg,Mayrand CHEF,33504,21.24,24.99,unité (1kg),,https://mayrand.ca/fr/nos-produits/fruits-et-legumes/noix-et-fruits-secs/noix/amande-enrobee-de-chocolat-noir-mayrand-chef-33504,https://341647818.fs1.hubspotusercontent-na3.net/hubfs/341647818/CatalogProductImages/fr/33504/image-1.jpg,,2026-10-10T03:37:45.137Z
mayrand,onsale,Arachides au miel 1 kg,Mayrand CHEF,33533,9.34,10.99,unité (1kg),,https://mayrand.ca/fr/nos-produits/fruits-et-legumes/noix-et-fruits-secs/noix-et-fruits-secs-vrac/arachide-au-miel-mayrand-chef-33533,https://341647818.fs1.hubspotusercontent-na3.net/hubfs/341647818/CatalogProductImages/fr/33533/image-1.jpg,,2026-10-10T03:37:45.137Z
mayrand,onsale,"Gâteau à la carotte 12'' x 17""",Beaux Gâteaux,33624,29.99,35.49,unité (1x3kg),,https://mayrand.ca/fr/nos-produits/surgele/patisserie-surgelee/gateau-et-tarte-surgeles/gateau-a-la-carotte-surgele-12x17-beaux-gateaux-33624,https://341647818.fs1.hubspotusercontent-na3.net/hubfs/341647818/CatalogProductImages/fr/33624/image-1.jpg,,2026-10-10T03:37:45.137Z
mayrand,onsale,"Gâteau forêt noire 17""",Beaux Gâteaux,33625,29.99,35.49,unité (1x2.15kg),,https://mayrand.ca/fr/nos-produits/surgele/patisserie-surgelee/gateau-et-tarte-surgeles/gateau-foret-noire-surgele-12x17-beaux-gateaux-33625,https://341647818.fs1.hubspotusercontent-na3.net/hubfs/341647818/CatalogProductImages/fr/33625/image-1.jpg,,2026-10-10T03:37:45.137Z
mayrand,onsale,"Raclette de Compton au poivre meule 1,3 kg",La Station,33995,46.99,140.97,unité (3 1x±3kg),,https://mayrand.ca/fr/nos-produits/produits-laitiers/fromage/raclette-et-fondue/raclette-compton-poivre-en-meule-la-station-33995,https://341647818.fs1.hubspotusercontent-na3.net/hubfs/341647818/CatalogProductImages/fr/33995/image-1.jpg,,2026-10-10T03:37:45.137Z
mayrand,onsale,"Raclette de Compton nature meule 1,3 kg",La Station,33998,46.99,140.97,unité (3 1x±3kg),,https://mayrand.ca/fr/nos-produits/produits-laitiers/fromage/raclette-et-fondue/raclette-compton-nature-en-meule-la-station-33998,https://341647818.fs1.hubspotusercontent-na3.net/hubfs/341647818/CatalogProductImages/fr/33998/image-1.jpg,,2026-10-10T03:37:45.137Z
mayrand,onsale,Tartinade chocolat noisette 2 kg,Dora,34105,22.99,26.99,unité (1x2kg),,https://mayrand.ca/fr/nos-produits/epicerie/confiture-et-tartinade/tartinade/tartinade-chocolat-noisette-dora-34105,https://341647818.fs1.hubspotusercontent-na3.net/hubfs/341647818/CatalogProductImages/fr/34105/image-1.jpg,,2026-10-10T03:37:45.137Z
mayrand,onsale,Café en grains espresso gran crema 1 kg,Spalanzani,34217,20.99,24.89,unité (1x1kg),,https://mayrand.ca/fr/nos-produits/boisson/cafe-the-et-chocolat/cafe-en-grain/cafe-grain-moyen-espresso-gran-crema-spalanzani-34217,https://341647818.fs1.hubspotusercontent-na3.net/hubfs/341647818/CatalogProductImages/fr/34217/image-1.jpg,,2026-10-10T03:37:45.137Z
mayrand,onsale,Pain blanc Artesano 600 g,Villagio,35534,3.99,4.49,unité (1x600g),,https://mayrand.ca/fr/nos-produits/boulangerie/pain-tranche/pain-tranche/pain-blanc-artesano-villagio-35534,https://341647818.fs1.hubspotusercontent-na3.net/hubfs/341647818/CatalogProductImages/fr/35534/image-1.jpg,,2026-10-10T03:37:45.137Z
mayrand,onsale,Gâteau à la crème à l'érable,Beaux Gâteaux,36465,29.99,35.49,unité (1x2.15kg),,https://mayrand.ca/fr/nos-produits/surgele/patisserie-surgelee/gateau-et-tarte-surgeles/gateau-a-la-creme-a-lerable-surgele-beaux-gateaux-36465,https://341647818.fs1.hubspotusercontent-na3.net/hubfs/341647818/CatalogProductImages/fr/36465/image-1.jpg,,2026-10-10T03:37:45.137Z
mayrand,onsale,"Maître Jules meule 2,6 kg",1860 DuVillage,36770,27.99,72.77,unité (2.6 1x±2.5kg),,https://mayrand.ca/fr/nos-produits/produits-laitiers/fromage/camembert-et-brie/fromage-maitre-jules-meule-1860-duvillage-36770,https://341647818.fs1.hubspotusercontent-na3.net/hubfs/341647818/CatalogProductImages/fr/36770/image-1.jpg,,2026-10-10T03:37:52.142Z
mayrand,onsale,40092,,40092,3.99,5.49,unité (680G),,https://mayrand.ca/fr/nos-produits/fruits-et-legumes/legumes/champignon/champignon-blanc-entier-2-40092,https://341647818.fs1.hubspotusercontent-na3.net/hubfs/341647818/CatalogProductImages/fr/40092/image-1.jpg,,2026-10-10T03:37:52.142Z
mayrand,onsale,40564,,40564,2.49,5.99,unité (1x4un),,https://mayrand.ca/fr/nos-produits/fruits-et-legumes/legumes/poivron/poivron-couleur-sac-40564,https://341647818.fs1.hubspotusercontent-na3.net/hubfs/341647818/CatalogProductImages/fr/40564/image-1.jpg,,2026-10-10T03:37:52.142Z
mayrand,onsale,Ail frais 1 L,Renato,40737,9.99,11.99,unité (1L),,https://mayrand.ca/fr/nos-produits/fruits-et-legumes/fines-herbes-et-vinaigrette/trempette-et-marinade/ail-frais-emince-renato-40737,https://341647818.fs1.hubspotusercontent-na3.net/hubfs/341647818/CatalogProductImages/fr/40737/image-1.jpg,,2026-10-10T03:37:52.142Z
mayrand,onsale,Ail extra émincé 1 L,Renato,40738,9.99,11.99,unité (1L),,https://mayrand.ca/fr/nos-produits/fruits-et-legumes/fines-herbes-et-vinaigrette/trempette-et-marinade/ail-extra-emince-renato-40738,https://341647818.fs1.hubspotusercontent-na3.net/hubfs/341647818/CatalogProductImages/fr/40738/image-1.jpg,,2026-10-10T03:37:52.142Z
mayrand,onsale,40917,,40917,2.99,3.99,unité (3un),,https://mayrand.ca/fr/nos-produits/fruits-et-legumes/legumes/laitue/laitue-romaine-coeur-40917,https://341647818.fs1.hubspotusercontent-na3.net/hubfs/341647818/CatalogProductImages/fr/40917/image-1.jpg,,2026-10-10T03:37:52.142Z
mayrand,onsale,Champignons marinés 4 L,Livabec,48435,39.99,44.99,unité (4L),,https://mayrand.ca/fr/nos-produits/epicerie/marinade/legumes-marines/champignons-marines-livabec-48435,https://341647818.fs1.hubspotusercontent-na3.net/hubfs/341647818/CatalogProductImages/fr/48435/image-1.jpg,,2026-10-10T03:37:52.142Z
mayrand,onsale,"Cheddar Monterey Jack meule 2,25 kg",Armstrong,48797,44.99,54.99,unité (1x2.25kg),,https://mayrand.ca/fr/nos-produits/produits-laitiers/fromage/cheddar/fromage-cheddar-monterey-jack-meule-armstrong-48797,https://341647818.fs1.hubspotusercontent-na3.net/hubfs/341647818/CatalogProductImages/fr/48797/image-1.jpg,,2026-10-10T03:37:52.142Z
mayrand,onsale,Pesto frais 1 L,Renato,49289,9.99,12.49,unité (1L),,https://mayrand.ca/fr/nos-produits/fruits-et-legumes/fines-herbes-et-vinaigrette/trempette-et-marinade/pesto-au-basilic-frais-renato-49289,https://341647818.fs1.hubspotusercontent-na3.net/hubfs/341647818/CatalogProductImages/fr/49289/image-1.jpg,,2026-10-10T03:37:52.142Z
mayrand,onsale,Basilic frais haché 1 L,Renato,49299,9.99,12.49,unité (1L),,https://mayrand.ca/fr/nos-produits/fruits-et-legumes/fines-herbes-et-vinaigrette/trempette-et-marinade/basilic-broye-renato-49299,https://341647818.fs1.hubspotusercontent-na3.net/hubfs/341647818/CatalogProductImages/fr/49299/image-1.jpg,,2026-10-10T03:37:52.142Z
mayrand,onsale,La Sauvagine coupé 230 g,Alexis de Portneuf,49882,53.91,12.4,unité (0.23 kg),,https://mayrand.ca/fr/nos-produits/produits-laitiers/fromage/camembert-et-brie/fromage-la-sauvagine-coupe-alexis-de-portneuf-49882,https://341647818.fs1.hubspotusercontent-na3.net/hubfs/341647818/CatalogProductImages/fr/49882/image-1.jpg,,2026-10-10T03:37:52.142Z
mayrand,onsale,50213,,50213,21.75,38.97,unité (3 kg),,https://mayrand.ca/fr/nos-produits/boucherie/porc/porc-roti-coupe-centre-desosse-50213,https://341647818.fs1.hubspotusercontent-na3.net/hubfs/341647818/CatalogProductImages/fr/50213/image-1.jpg,,2026-10-10T03:37:52.142Z
mayrand,onsale,160,,160,11.39,19.28,unité (1.44 kg),,https://mayrand.ca/fr/nos-produits/boucherie/porc/porc-cotelette-longe-desossee-fr-50220,https://341647818.fs1.hubspotusercontent-na3.net/hubfs/341647818/CatalogProductImages/fr/50220/image-1.jpg,,2026-10-10T03:37:52.142Z
mayrand,onsale,Jambon fumé style toupie 1/2,Mayrand CHEF,50311,9.99,26.97,unité (2.7 kg),,https://mayrand.ca/fr/nos-produits/boucherie/porc/demi-jambon-toupie-mayrand-chef-50311,https://341647818.fs1.hubspotusercontent-na3.net/hubfs/341647818/CatalogProductImages/fr/50311/image-1.jpg,,2026-10-10T03:37:52.142Z
mayrand,onsale,Jambon fumé style toupie 1/4,Mayrand CHEF,50312,8.8,10.99,unité (1 kg),,https://mayrand.ca/fr/nos-produits/boucherie/porc/quartier-de-jambon-toupie-mayrand-chef-50312,https://341647818.fs1.hubspotusercontent-na3.net/hubfs/341647818/CatalogProductImages/fr/50312/image-1.jpg,,2026-10-10T03:37:52.142Z
mayrand,onsale,Poitrine de poulet désossée sans antiobiotiques,VDC,50351,17.99,32.38,unité (1.8 1x±24kg),,https://mayrand.ca/fr/nos-produits/boucherie/volaille/poulet-grain-poitrine-desossee-vdc-vdc-50351,https://341647818.fs1.hubspotusercontent-na3.net/hubfs/341647818/CatalogProductImages/fr/50351/image-1.jpg,,2026-10-10T03:37:52.142Z
mayrand,onsale,50770,,50770,9.5,10.43,unité (0.9 kg),,https://mayrand.ca/fr/nos-produits/boucherie/porc/porc-lanieres-de-surlonge-50770,https://341647818.fs1.hubspotusercontent-na3.net/hubfs/341647818/CatalogProductImages/fr/50770/image-1.jpg,,2026-10-10T03:37:52.142Z
mayrand,onsale,50851,,50851,33.05,42.19,unité (1 kg),,https://mayrand.ca/fr/nos-produits/boucherie/boeuf/boeuf-bifteck-macreuse-aa-denude-50851,https://341647818.fs1.hubspotusercontent-na3.net/hubfs/341647818/CatalogProductImages/fr/50851/image-1.jpg,,2026-10-10T03:37:52.142Z
mayrand,onsale,51115,,51115,12.12,13.29,unité (0.5 kg),,https://mayrand.ca/fr/nos-produits/boucherie/boeuf/boeuf-lanieres-51115,https://341647818.fs1.hubspotusercontent-na3.net/hubfs/341647818/CatalogProductImages/fr/51115/image-1.jpg,,2026-10-10T03:37:52.142Z
mayrand,onsale,52042,,52042,26.36,42.36,unité (4 5 x ±4.5KG),,https://mayrand.ca/fr/nos-produits/boucherie/porc/porc-longe-desossee-s-v-52042,https://341647818.fs1.hubspotusercontent-na3.net/hubfs/341647818/CatalogProductImages/fr/52042/image-1.jpg,,2026-10-10T03:37:52.142Z
mayrand,onsale,52998,,52998,6.06,8.97,unité (0.25 4.54kg),,https://mayrand.ca/fr/nos-produits/poissonnerie/truite/truite-arc-en-ciel-filet-fr-52998,https://341647818.fs1.hubspotusercontent-na3.net/hubfs/341647818/CatalogProductImages/fr/52998/image-1.jpg,,2026-10-10T03:37:52.142Z
mayrand,onsale,Dinde A 5 à 7 kg,Pierette,53249,8.8,10.99,unité (1 kg),,https://mayrand.ca/fr/nos-produits/boucherie/volaille/dinde-a-5-a-7-kg-53249,https://341647818.fs1.hubspotusercontent-na3.net/hubfs/341647818/BOUCHERIE/Dinde.png,,2026-10-10T03:37:52.142Z
mayrand,onsale,53291,,53291,114.56,121.16,unité (4 1x±32kg),,https://mayrand.ca/fr/nos-produits/boucherie/boeuf/boeuf-macreuse-aa-53291,https://341647818.fs1.hubspotusercontent-na3.net/hubfs/341647818/CatalogProductImages/fr/53291/image-1.jpg,,2026-10-10T03:37:52.142Z
mayrand,onsale,Bâtons glacés Jumbo,Mr Freeze,68642,15.99,19.99,caisse (70x150ml),,https://mayrand.ca/fr/nos-produits/epicerie/confiserie/bonbon/batons-glaces-jumbo-68642,https://341647818.fs1.hubspotusercontent-na3.net/hubfs/341647818/raw_assets/public/MAYRAND-P3-CHILD-THEME/images/icons-modules/placeHolderProduct.png,,2026-10-10T03:37:52.142Z
mayrand,onsale,80044,,80044,2.99,3.99,unité (2un),,https://mayrand.ca/fr/nos-produits/fruits-et-legumes/legumes/laitue/laitue-boston-duo-80044,https://341647818.fs1.hubspotusercontent-na3.net/hubfs/341647818/CatalogProductImages/fr/80044/image-1.jpg,,2026-10-10T03:37:52.142Z
